{
"type": "FeatureCollection",
"name": "North Texas ZCTA",
"crs": { "type": "name", "properties": { "name": "urn:ogc:def:crs:EPSG::4269" } },
"features": [
{ "type": "Feature", "properties": { "GEOID": "75270", "NAME": "ZCTA5 75270", "TotPopE": 0.0, "TotPopM": 14.0, "TotPovE": 0.0, "TotPovM": 14.0, "ChldPopE": 0.0, "ChldPopM": 14.0, "ChldPovE": 0.0, "ChldPovM": 14.0, "BlkPopE": 0.0, "BlkPopM": 14.0, "HispPopE": 0.0, "HispPopM": 14.0, "WhtPopE": 0.0, "WhtPopM": 14.0, "AsnPopE": 0.0, "AsnPopM": 14.0, "GeoCat": "Zip Code" }, "geometry": { "type": "MultiPolygon", "coordinates": [ [ [ [ -96.802646, 32.781506 ], [ -96.801487, 32.781746 ], [ -96.801332, 32.781484 ], [ -96.801192, 32.781013 ], [ -96.802424, 32.780776 ], [ -96.802646, 32.781506 ] ] ] ] } },
{ "type": "Feature", "properties": { "GEOID": "75202", "NAME": "ZCTA5 75202", "TotPopE": 2165.0, "TotPopM": 346.0, "TotPovE": 178.0, "TotPovM": 119.0, "ChldPopE": 137.0, "ChldPopM": 107.0, "ChldPovE": 44.0, "ChldPovM": 65.0, "BlkPopE": 284.0, "BlkPopM": 118.0, "HispPopE": 343.0, "HispPopM": 134.0, "WhtPopE": 1396.0, "WhtPopM": 286.0, "AsnPopE": 113.0, "AsnPopM": 81.0, "GeoCat": "Zip Code" }, "geometry": { "type": "MultiPolygon", "coordinates": [ [ [ [ -96.811424, 32.782411 ], [ -96.81024, 32.782648 ], [ -96.810746, 32.784185 ], [ -96.808966, 32.784391 ], [ -96.808951, 32.784644 ], [ -96.80888, 32.785299 ], [ -96.807829, 32.784396 ], [ -96.805313, 32.786817 ], [ -96.806317, 32.788328 ], [ -96.805012, 32.789357 ], [ -96.80421, 32.788701 ], [ -96.804601, 32.787415 ], [ -96.803639, 32.788201 ], [ -96.803275, 32.787886 ], [ -96.803008, 32.786313 ], [ -96.801515, 32.785023 ], [ -96.802567, 32.784143 ], [ -96.801635, 32.782264 ], [ -96.799924, 32.782063 ], [ -96.799316, 32.779832 ], [ -96.798567, 32.779992 ], [ -96.796239, 32.777972 ], [ -96.795307, 32.774499 ], [ -96.795785, 32.77351 ], [ -96.796888, 32.773215 ], [ -96.800402, 32.771189 ], [ -96.800761, 32.769381 ], [ -96.802029, 32.768042 ], [ -96.801875, 32.769965 ], [ -96.802037, 32.770094 ], [ -96.805419, 32.772002 ], [ -96.807643, 32.771469 ], [ -96.806288, 32.773193 ], [ -96.80785, 32.774676 ], [ -96.808583, 32.77727 ], [ -96.809382, 32.778506 ], [ -96.810401, 32.778337 ], [ -96.811315, 32.777649 ], [ -96.811653, 32.781157 ], [ -96.811424, 32.782411 ] ], [ [ -96.802424, 32.780776 ], [ -96.801192, 32.781013 ], [ -96.801332, 32.781484 ], [ -96.801487, 32.781746 ], [ -96.802646, 32.781506 ], [ -96.802424, 32.780776 ] ] ] ] } },
{ "type": "Feature", "properties": { "GEOID": "75233", "NAME": "ZCTA5 75233", "TotPopE": 16615.0, "TotPopM": 2018.0, "TotPovE": 4137.0, "TotPovM": 1666.0, "ChldPopE": 5266.0, "ChldPopM": 1326.0, "ChldPovE": 2190.0, "ChldPovM": 1102.0, "BlkPopE": 5100.0, "BlkPopM": 1015.0, "HispPopE": 9840.0, "HispPopM": 1953.0, "WhtPopE": 1485.0, "WhtPopM": 380.0, "AsnPopE": 56.0, "AsnPopM": 89.0, "GeoCat": "Zip Code" }, "geometry": { "type": "MultiPolygon", "coordinates": [ [ [ [ -96.891544, 32.69165 ], [ -96.891476, 32.693386 ], [ -96.891469, 32.695543 ], [ -96.891142, 32.699686 ], [ -96.891157, 32.700198 ], [ -96.891355, 32.700849 ], [ -96.891324, 32.705833 ], [ -96.891314, 32.706784 ], [ -96.89023, 32.706806 ], [ -96.885614, 32.710898 ], [ -96.881936, 32.710045 ], [ -96.880928, 32.707828 ], [ -96.88145, 32.709207 ], [ -96.881573, 32.71129 ], [ -96.882026, 32.712622 ], [ -96.881364, 32.715818 ], [ -96.881095, 32.716669 ], [ -96.874279, 32.718821 ], [ -96.872947, 32.71913 ], [ -96.870114, 32.720256 ], [ -96.869722, 32.720391 ], [ -96.868985, 32.720656 ], [ -96.859281, 32.724145 ], [ -96.857079, 32.72533 ], [ -96.857085, 32.720221 ], [ -96.857113, 32.716808 ], [ -96.857107, 32.714196 ], [ -96.857183, 32.70581 ], [ -96.85712, 32.703328 ], [ -96.857102, 32.698211 ], [ -96.857138, 32.691234 ], [ -96.874011, 32.691268 ], [ -96.880713, 32.691249 ], [ -96.880843, 32.691263 ], [ -96.881759, 32.689563 ], [ -96.882691, 32.689777 ], [ -96.883736, 32.689285 ], [ -96.891389, 32.689569 ], [ -96.89154, 32.689552 ], [ -96.891539, 32.691459 ], [ -96.891544, 32.69165 ] ], [ [ -96.865824, 32.71026 ], [ -96.860316, 32.710212 ], [ -96.860509, 32.713833 ], [ -96.861055, 32.714042 ], [ -96.865783, 32.714323 ], [ -96.865804, 32.713223 ], [ -96.865708, 32.713027 ], [ -96.865698, 32.711367 ], [ -96.865824, 32.71026 ] ] ] ] } },
{ "type": "Feature", "properties": { "GEOID": "75244", "NAME": "ZCTA5 75244", "TotPopE": 12788.0, "TotPopM": 1080.0, "TotPovE": 436.0, "TotPovM": 145.0, "ChldPopE": 2480.0, "ChldPopM": 491.0, "ChldPovE": 32.0, "ChldPovM": 40.0, "BlkPopE": 1012.0, "BlkPopM": 367.0, "HispPopE": 2911.0, "HispPopM": 708.0, "WhtPopE": 6991.0, "WhtPopM": 724.0, "AsnPopE": 1321.0, "AsnPopM": 388.0, "GeoCat": "Zip Code" }, "geometry": { "type": "MultiPolygon", "coordinates": [ [ [ [ -96.856089, 32.913189 ], [ -96.856051, 32.915723 ], [ -96.856049, 32.918138 ], [ -96.855989, 32.924231 ], [ -96.855951, 32.925323 ], [ -96.855914, 32.933293 ], [ -96.855929, 32.933543 ], [ -96.855762, 32.933532 ], [ -96.847569, 32.933377 ], [ -96.847543, 32.936191 ], [ -96.847518, 32.939885 ], [ -96.84697, 32.939883 ], [ -96.846934, 32.939873 ], [ -96.839023, 32.939859 ], [ -96.839031, 32.943474 ], [ -96.838875, 32.943461 ], [ -96.8388, 32.951238 ], [ -96.831309, 32.951177 ], [ -96.831324, 32.94684 ], [ -96.828147, 32.946859 ], [ -96.82552, 32.939518 ], [ -96.823272, 32.933774 ], [ -96.823126, 32.932963 ], [ -96.822509, 32.932923 ], [ -96.822069, 32.931204 ], [ -96.821328, 32.929103 ], [ -96.821335, 32.928596 ], [ -96.821304, 32.928129 ], [ -96.821217, 32.927525 ], [ -96.820802, 32.92622 ], [ -96.820753, 32.926067 ], [ -96.820633, 32.925694 ], [ -96.819434, 32.923077 ], [ -96.818827, 32.921478 ], [ -96.814644, 32.909585 ], [ -96.815049, 32.909591 ], [ -96.81487, 32.908313 ], [ -96.818365, 32.908324 ], [ -96.818365, 32.909615 ], [ -96.819487, 32.909611 ], [ -96.829632, 32.909627 ], [ -96.830852, 32.909636 ], [ -96.838331, 32.909621 ], [ -96.843359, 32.90963 ], [ -96.84632, 32.909666 ], [ -96.846891, 32.909654 ], [ -96.85616, 32.909652 ], [ -96.856089, 32.913189 ] ] ] ] } },
{ "type": "Feature", "properties": { "GEOID": "75390", "NAME": "ZCTA5 75390", "TotPopE": 0.0, "TotPopM": 14.0, "TotPovE": 0.0, "TotPovM": 14.0, "ChldPopE": 0.0, "ChldPopM": 14.0, "ChldPovE": 0.0, "ChldPovM": 14.0, "BlkPopE": 0.0, "BlkPopM": 14.0, "HispPopE": 0.0, "HispPopM": 14.0, "WhtPopE": 0.0, "WhtPopM": 14.0, "AsnPopE": 0.0, "AsnPopM": 14.0, "GeoCat": "Zip Code" }, "geometry": { "type": "MultiPolygon", "coordinates": [ [ [ [ -96.845547, 32.81443 ], [ -96.843542, 32.815284 ], [ -96.842505, 32.815984 ], [ -96.841139, 32.814878 ], [ -96.840317, 32.814275 ], [ -96.839475, 32.813587 ], [ -96.841099, 32.81344 ], [ -96.842268, 32.813013 ], [ -96.843061, 32.811847 ], [ -96.844353, 32.81271 ], [ -96.845547, 32.81443 ] ] ] ] } },
{ "type": "Feature", "properties": { "GEOID": "75223", "NAME": "ZCTA5 75223", "TotPopE": 14249.0, "TotPopM": 1264.0, "TotPovE": 2259.0, "TotPovM": 685.0, "ChldPopE": 3478.0, "ChldPopM": 628.0, "ChldPovE": 863.0, "ChldPovM": 403.0, "BlkPopE": 1629.0, "BlkPopM": 293.0, "HispPopE": 9594.0, "HispPopM": 1266.0, "WhtPopE": 2549.0, "WhtPopM": 423.0, "AsnPopE": 259.0, "AsnPopM": 166.0, "GeoCat": "Zip Code" }, "geometry": { "type": "MultiPolygon", "coordinates": [ [ [ [ -96.769777, 32.784875 ], [ -96.768468, 32.786718 ], [ -96.767239, 32.788479 ], [ -96.761406, 32.793239 ], [ -96.761652, 32.793428 ], [ -96.760079, 32.794629 ], [ -96.759416, 32.79507 ], [ -96.754312, 32.799242 ], [ -96.754192, 32.799339 ], [ -96.75401, 32.799494 ], [ -96.750863, 32.802194 ], [ -96.749257, 32.803621 ], [ -96.747155, 32.806053 ], [ -96.745739, 32.807479 ], [ -96.745049, 32.807996 ], [ -96.739974, 32.809736 ], [ -96.737847, 32.809699 ], [ -96.7357, 32.808692 ], [ -96.733651, 32.806849 ], [ -96.733307, 32.8065 ], [ -96.73242, 32.80795 ], [ -96.733187, 32.806407 ], [ -96.728879, 32.804288 ], [ -96.728874, 32.802874 ], [ -96.731474, 32.792949 ], [ -96.73185, 32.791713 ], [ -96.730277, 32.791825 ], [ -96.729178, 32.792111 ], [ -96.729189, 32.791893 ], [ -96.730729, 32.791559 ], [ -96.731899, 32.791508 ], [ -96.733135, 32.78373 ], [ -96.729087, 32.783693 ], [ -96.729081, 32.783579 ], [ -96.733157, 32.78362 ], [ -96.734201, 32.777715 ], [ -96.73489, 32.777794 ], [ -96.737755, 32.778386 ], [ -96.748515, 32.780028 ], [ -96.754889, 32.78118 ], [ -96.759428, 32.782138 ], [ -96.765309, 32.783723 ], [ -96.765535, 32.783786 ], [ -96.76873, 32.784604 ], [ -96.769777, 32.784875 ] ] ] ] } },
{ "type": "Feature", "properties": { "GEOID": "75225", "NAME": "ZCTA5 75225", "TotPopE": 21606.0, "TotPopM": 1053.0, "TotPovE": 776.0, "TotPovM": 377.0, "ChldPopE": 5321.0, "ChldPopM": 444.0, "ChldPovE": 97.0, "ChldPovM": 98.0, "BlkPopE": 78.0, "BlkPopM": 91.0, "HispPopE": 692.0, "HispPopM": 232.0, "WhtPopE": 19478.0, "WhtPopM": 1109.0, "AsnPopE": 820.0, "AsnPopM": 390.0, "GeoCat": "Zip Code" }, "geometry": { "type": "MultiPolygon", "coordinates": [ [ [ [ -96.812324, 32.857922 ], [ -96.811347, 32.865498 ], [ -96.81153, 32.865501 ], [ -96.809741, 32.880062 ], [ -96.809727, 32.880177 ], [ -96.809561, 32.880177 ], [ -96.80404, 32.880114 ], [ -96.804062, 32.879157 ], [ -96.799796, 32.879142 ], [ -96.799884, 32.879967 ], [ -96.796481, 32.879967 ], [ -96.796237, 32.879129 ], [ -96.790234, 32.879043 ], [ -96.786662, 32.879902 ], [ -96.786662, 32.880032 ], [ -96.783558, 32.880141 ], [ -96.778675, 32.880161 ], [ -96.778682, 32.880024 ], [ -96.773744, 32.880024 ], [ -96.771388, 32.879106 ], [ -96.77071, 32.879721 ], [ -96.770708, 32.877474 ], [ -96.772628, 32.876939 ], [ -96.771907, 32.875777 ], [ -96.771754, 32.871904 ], [ -96.770667, 32.871847 ], [ -96.77035, 32.871851 ], [ -96.770373, 32.865603 ], [ -96.770406, 32.860885 ], [ -96.770454, 32.857273 ], [ -96.770454, 32.857094 ], [ -96.77047, 32.855895 ], [ -96.771571, 32.850997 ], [ -96.771776, 32.851007 ], [ -96.771998, 32.850467 ], [ -96.772774, 32.850484 ], [ -96.772777, 32.851024 ], [ -96.777006, 32.85109 ], [ -96.777015, 32.850551 ], [ -96.777132, 32.850502 ], [ -96.778955, 32.850522 ], [ -96.778969, 32.851107 ], [ -96.782865, 32.851101 ], [ -96.782845, 32.850627 ], [ -96.786907, 32.850668 ], [ -96.786915, 32.851143 ], [ -96.787924, 32.851165 ], [ -96.787932, 32.850253 ], [ -96.789161, 32.850246 ], [ -96.789164, 32.850674 ], [ -96.790017, 32.850673 ], [ -96.790049, 32.851188 ], [ -96.79495, 32.851073 ], [ -96.804211, 32.851134 ], [ -96.804786, 32.851136 ], [ -96.804789, 32.850665 ], [ -96.806757, 32.850673 ], [ -96.806757, 32.85114 ], [ -96.812086, 32.851177 ], [ -96.813168, 32.851174 ], [ -96.812324, 32.857922 ] ] ] ] } },
{ "type": "Feature", "properties": { "GEOID": "75232", "NAME": "ZCTA5 75232", "TotPopE": 33553.0, "TotPopM": 2488.0, "TotPovE": 7041.0, "TotPovM": 1530.0, "ChldPopE": 7794.0, "ChldPopM": 1429.0, "ChldPovE": 2580.0, "ChldPovM": 940.0, "BlkPopE": 17884.0, "BlkPopM": 1452.0, "HispPopE": 13385.0, "HispPopM": 2182.0, "WhtPopE": 2067.0, "WhtPopM": 664.0, "AsnPopE": 15.0, "AsnPopM": 24.0, "GeoCat": "Zip Code" }, "geometry": { "type": "MultiPolygon", "coordinates": [ [ [ [ -96.857188, 32.662214 ], [ -96.857162, 32.671745 ], [ -96.857184, 32.675413 ], [ -96.857158, 32.676549 ], [ -96.857114, 32.6828 ], [ -96.857138, 32.691234 ], [ -96.846221, 32.691358 ], [ -96.841324, 32.691212 ], [ -96.841308, 32.689799 ], [ -96.840111, 32.689175 ], [ -96.840378, 32.691217 ], [ -96.839968, 32.691212 ], [ -96.83411, 32.691109 ], [ -96.827253, 32.688239 ], [ -96.823126, 32.687101 ], [ -96.821303, 32.686538 ], [ -96.822417, 32.684859 ], [ -96.82258, 32.683438 ], [ -96.822403, 32.68027 ], [ -96.821332, 32.680315 ], [ -96.821316, 32.678292 ], [ -96.822236, 32.678269 ], [ -96.822007, 32.673786 ], [ -96.822321, 32.668444 ], [ -96.821279, 32.668439 ], [ -96.821291, 32.665965 ], [ -96.822563, 32.665948 ], [ -96.822507, 32.663497 ], [ -96.821291, 32.663511 ], [ -96.821294, 32.662317 ], [ -96.8225, 32.662209 ], [ -96.822565, 32.661144 ], [ -96.818757, 32.661217 ], [ -96.818753, 32.660156 ], [ -96.821585, 32.659714 ], [ -96.822597, 32.658206 ], [ -96.823169, 32.654054 ], [ -96.823158, 32.64762 ], [ -96.823338, 32.647616 ], [ -96.823324, 32.642285 ], [ -96.823303, 32.633231 ], [ -96.823617, 32.633229 ], [ -96.823541, 32.626358 ], [ -96.826764, 32.625881 ], [ -96.829925, 32.624242 ], [ -96.845987, 32.624072 ], [ -96.846339, 32.628754 ], [ -96.850697, 32.628735 ], [ -96.85074, 32.633124 ], [ -96.857161, 32.633069 ], [ -96.857129, 32.645956 ], [ -96.857173, 32.654823 ], [ -96.857188, 32.662214 ] ] ] ] } },
{ "type": "Feature", "properties": { "GEOID": "75251", "NAME": "ZCTA5 75251", "TotPopE": 3804.0, "TotPopM": 727.0, "TotPovE": 169.0, "TotPovM": 99.0, "ChldPopE": 410.0, "ChldPopM": 243.0, "ChldPovE": 0.0, "ChldPovM": 14.0, "BlkPopE": 1293.0, "BlkPopM": 699.0, "HispPopE": 679.0, "HispPopM": 412.0, "WhtPopE": 1660.0, "WhtPopM": 367.0, "AsnPopE": 110.0, "AsnPopM": 97.0, "GeoCat": "Zip Code" }, "geometry": { "type": "MultiPolygon", "coordinates": [ [ [ [ -96.786314, 32.924869 ], [ -96.781479, 32.924371 ], [ -96.781693, 32.924719 ], [ -96.772345, 32.924734 ], [ -96.77171, 32.927926 ], [ -96.769126, 32.926932 ], [ -96.769301, 32.924423 ], [ -96.769313, 32.923978 ], [ -96.764269, 32.923874 ], [ -96.764339, 32.923762 ], [ -96.766551, 32.918293 ], [ -96.767397, 32.918076 ], [ -96.769118, 32.918121 ], [ -96.769319, 32.913552 ], [ -96.768985, 32.912094 ], [ -96.769326, 32.91084 ], [ -96.769347, 32.910404 ], [ -96.770973, 32.910432 ], [ -96.771013, 32.913542 ], [ -96.773375, 32.913469 ], [ -96.775988, 32.913552 ], [ -96.775153, 32.910849 ], [ -96.773748, 32.909714 ], [ -96.775096, 32.90977 ], [ -96.777008, 32.912016 ], [ -96.776494, 32.916474 ], [ -96.778905, 32.917423 ], [ -96.778309, 32.921053 ], [ -96.779604, 32.920834 ], [ -96.781697, 32.922872 ], [ -96.781304, 32.92378 ], [ -96.78615, 32.924256 ], [ -96.786307, 32.924658 ], [ -96.786314, 32.924869 ] ] ] ] } },
{ "type": "Feature", "properties": { "GEOID": "75216", "NAME": "ZCTA5 75216", "TotPopE": 54734.0, "TotPopM": 2821.0, "TotPovE": 17532.0, "TotPovM": 2109.0, "ChldPopE": 16642.0, "ChldPopM": 1633.0, "ChldPovE": 7135.0, "ChldPovM": 1324.0, "BlkPopE": 28524.0, "BlkPopM": 2348.0, "HispPopE": 23979.0, "HispPopM": 2170.0, "WhtPopE": 1659.0, "WhtPopM": 459.0, "AsnPopE": 148.0, "AsnPopM": 99.0, "GeoCat": "Zip Code" }, "geometry": { "type": "MultiPolygon", "coordinates": [ [ [ [ -96.824225, 32.700991 ], [ -96.822946, 32.700992 ], [ -96.822972, 32.703023 ], [ -96.822344, 32.703025 ], [ -96.822975, 32.705838 ], [ -96.822985, 32.705956 ], [ -96.822971, 32.70752 ], [ -96.822958, 32.71316 ], [ -96.822887, 32.719167 ], [ -96.821681, 32.720275 ], [ -96.822878, 32.720318 ], [ -96.822843, 32.721382 ], [ -96.822841, 32.721496 ], [ -96.822813, 32.722814 ], [ -96.82164, 32.722831 ], [ -96.821605, 32.726359 ], [ -96.82226, 32.72859 ], [ -96.822704, 32.733015 ], [ -96.822205, 32.733209 ], [ -96.813633, 32.740122 ], [ -96.812478, 32.741093 ], [ -96.812282, 32.739772 ], [ -96.811983, 32.739113 ], [ -96.811618, 32.737786 ], [ -96.810329, 32.73867 ], [ -96.810372, 32.739134 ], [ -96.805423, 32.739116 ], [ -96.802323, 32.739127 ], [ -96.802423, 32.738601 ], [ -96.799691, 32.738613 ], [ -96.799454, 32.739132 ], [ -96.798996, 32.7391 ], [ -96.798622, 32.739061 ], [ -96.800131, 32.733257 ], [ -96.799828, 32.730745 ], [ -96.798975, 32.728771 ], [ -96.799496, 32.728561 ], [ -96.799767, 32.726929 ], [ -96.799512, 32.726263 ], [ -96.802266, 32.72381 ], [ -96.803727, 32.720159 ], [ -96.802774, 32.720143 ], [ -96.802543, 32.720138 ], [ -96.801253, 32.721114 ], [ -96.80054, 32.721815 ], [ -96.796149, 32.719676 ], [ -96.796009, 32.719445 ], [ -96.792503, 32.719861 ], [ -96.790374, 32.719265 ], [ -96.792014, 32.720354 ], [ -96.787031, 32.722431 ], [ -96.788085, 32.725743 ], [ -96.790343, 32.727043 ], [ -96.785392, 32.729428 ], [ -96.778256, 32.732853 ], [ -96.780644, 32.738144 ], [ -96.781065, 32.740105 ], [ -96.780717, 32.743003 ], [ -96.777533, 32.749913 ], [ -96.775531, 32.747933 ], [ -96.776022, 32.7464 ], [ -96.773198, 32.745824 ], [ -96.771059, 32.743814 ], [ -96.770308, 32.741467 ], [ -96.766503, 32.739086 ], [ -96.768797, 32.746678 ], [ -96.758081, 32.73651 ], [ -96.758014, 32.735822 ], [ -96.758158, 32.727995 ], [ -96.758006, 32.72802 ], [ -96.754993, 32.728364 ], [ -96.753169, 32.728099 ], [ -96.750983, 32.726402 ], [ -96.748365, 32.725603 ], [ -96.746616, 32.723717 ], [ -96.740285, 32.723709 ], [ -96.735751, 32.724048 ], [ -96.734043, 32.723626 ], [ -96.732225, 32.721812 ], [ -96.731869, 32.718713 ], [ -96.733262, 32.714851 ], [ -96.736104, 32.709711 ], [ -96.735779, 32.707635 ], [ -96.73568, 32.707498 ], [ -96.734203, 32.703658 ], [ -96.734566, 32.700743 ], [ -96.734039, 32.699823 ], [ -96.728495, 32.698396 ], [ -96.72554, 32.698725 ], [ -96.723691, 32.6973 ], [ -96.721019, 32.696513 ], [ -96.713051, 32.696408 ], [ -96.714555, 32.694648 ], [ -96.720437, 32.693334 ], [ -96.733955, 32.68686 ], [ -96.743895, 32.704354 ], [ -96.743958, 32.704493 ], [ -96.744302, 32.705317 ], [ -96.751459, 32.717473 ], [ -96.751632, 32.717413 ], [ -96.755347, 32.715589 ], [ -96.753326, 32.712521 ], [ -96.754062, 32.71214 ], [ -96.75621, 32.712778 ], [ -96.753455, 32.702677 ], [ -96.752853, 32.701165 ], [ -96.755057, 32.700328 ], [ -96.754517, 32.698969 ], [ -96.758805, 32.696015 ], [ -96.760177, 32.698262 ], [ -96.765968, 32.696322 ], [ -96.76514, 32.693917 ], [ -96.771533, 32.691055 ], [ -96.771721, 32.693689 ], [ -96.774099, 32.692092 ], [ -96.775358, 32.692858 ], [ -96.780146, 32.69051 ], [ -96.779817, 32.688904 ], [ -96.783374, 32.687183 ], [ -96.788733, 32.684755 ], [ -96.789622, 32.686191 ], [ -96.7899, 32.686118 ], [ -96.792343, 32.685481 ], [ -96.791132, 32.683161 ], [ -96.792475, 32.682966 ], [ -96.793897, 32.685068 ], [ -96.805234, 32.682162 ], [ -96.805647, 32.681192 ], [ -96.805905, 32.679049 ], [ -96.807827, 32.679132 ], [ -96.808512, 32.683023 ], [ -96.811004, 32.683776 ], [ -96.814526, 32.683768 ], [ -96.816473, 32.683828 ], [ -96.817572, 32.684165 ], [ -96.820731, 32.686113 ], [ -96.821527, 32.685465 ], [ -96.82258, 32.683438 ], [ -96.822417, 32.684859 ], [ -96.821303, 32.686538 ], [ -96.823126, 32.687101 ], [ -96.82307, 32.691316 ], [ -96.823076, 32.696098 ], [ -96.82325, 32.697542 ], [ -96.823455, 32.698608 ], [ -96.824225, 32.700991 ] ] ] ] } },
{ "type": "Feature", "properties": { "GEOID": "75246", "NAME": "ZCTA5 75246", "TotPopE": 2295.0, "TotPopM": 533.0, "TotPovE": 679.0, "TotPovM": 339.0, "ChldPopE": 316.0, "ChldPopM": 248.0, "ChldPovE": 221.0, "ChldPovM": 239.0, "BlkPopE": 619.0, "BlkPopM": 361.0, "HispPopE": 685.0, "HispPopM": 362.0, "WhtPopE": 888.0, "WhtPopM": 244.0, "AsnPopE": 62.0, "AsnPopM": 63.0, "GeoCat": "Zip Code" }, "geometry": { "type": "MultiPolygon", "coordinates": [ [ [ [ -96.782866, 32.790248 ], [ -96.780011, 32.792617 ], [ -96.778703, 32.792386 ], [ -96.776875, 32.793913 ], [ -96.77522, 32.795299 ], [ -96.772692, 32.797376 ], [ -96.773071, 32.797714 ], [ -96.770865, 32.799607 ], [ -96.77124, 32.799958 ], [ -96.770799, 32.800345 ], [ -96.770417, 32.800282 ], [ -96.769931, 32.800318 ], [ -96.769516, 32.799954 ], [ -96.769311, 32.800134 ], [ -96.765877, 32.797144 ], [ -96.764208, 32.795665 ], [ -96.765731, 32.793512 ], [ -96.767297, 32.793143 ], [ -96.77164, 32.789355 ], [ -96.772199, 32.789868 ], [ -96.774518, 32.7879 ], [ -96.775341, 32.78636 ], [ -96.777627, 32.786855 ], [ -96.779458, 32.786963 ], [ -96.782121, 32.789543 ], [ -96.782507, 32.789892 ], [ -96.782866, 32.790248 ] ] ] ] } },
{ "type": "Feature", "properties": { "GEOID": "75234", "NAME": "ZCTA5 75234", "TotPopE": 32493.0, "TotPopM": 1069.0, "TotPovE": 3133.0, "TotPovM": 799.0, "ChldPopE": 7716.0, "ChldPopM": 700.0, "ChldPovE": 1224.0, "ChldPovM": 444.0, "BlkPopE": 2131.0, "BlkPopM": 661.0, "HispPopE": 16704.0, "HispPopM": 1379.0, "WhtPopE": 11013.0, "WhtPopM": 912.0, "AsnPopE": 2260.0, "AsnPopM": 566.0, "GeoCat": "Zip Code" }, "geometry": { "type": "MultiPolygon", "coordinates": [ [ [ [ -96.937507, 32.913766 ], [ -96.931579, 32.917905 ], [ -96.925229, 32.918028 ], [ -96.925129, 32.92075 ], [ -96.925259, 32.926589 ], [ -96.921365, 32.926609 ], [ -96.920487, 32.926786 ], [ -96.920507, 32.930639 ], [ -96.915271, 32.930646 ], [ -96.915144, 32.926994 ], [ -96.911356, 32.928396 ], [ -96.909705, 32.928438 ], [ -96.909681, 32.936826 ], [ -96.910073, 32.939176 ], [ -96.908918, 32.939138 ], [ -96.902727, 32.939173 ], [ -96.90265, 32.938617 ], [ -96.902135, 32.938685 ], [ -96.900705, 32.938712 ], [ -96.900618, 32.939158 ], [ -96.890569, 32.939084 ], [ -96.890454, 32.943196 ], [ -96.890438, 32.944135 ], [ -96.890418, 32.946374 ], [ -96.887548, 32.946393 ], [ -96.881724, 32.94633 ], [ -96.871899, 32.94635 ], [ -96.871134, 32.948042 ], [ -96.871071, 32.948338 ], [ -96.870966, 32.948513 ], [ -96.870721, 32.953381 ], [ -96.864197, 32.953232 ], [ -96.855929, 32.95309 ], [ -96.855801, 32.953083 ], [ -96.855807, 32.949605 ], [ -96.855868, 32.943653 ], [ -96.855876, 32.94129 ], [ -96.855895, 32.940004 ], [ -96.85593, 32.935809 ], [ -96.855937, 32.933678 ], [ -96.855929, 32.933543 ], [ -96.855914, 32.933293 ], [ -96.855951, 32.925323 ], [ -96.855989, 32.924231 ], [ -96.856049, 32.918138 ], [ -96.856051, 32.915723 ], [ -96.856089, 32.913189 ], [ -96.85616, 32.909652 ], [ -96.856207, 32.908012 ], [ -96.864, 32.908056 ], [ -96.863999, 32.907674 ], [ -96.869935, 32.907587 ], [ -96.872261, 32.906826 ], [ -96.872421, 32.906826 ], [ -96.872404, 32.908712 ], [ -96.872887, 32.908289 ], [ -96.88079, 32.908231 ], [ -96.88162, 32.909436 ], [ -96.882531, 32.909403 ], [ -96.889528, 32.908779 ], [ -96.89185, 32.907715 ], [ -96.892207, 32.908842 ], [ -96.898114, 32.908161 ], [ -96.899732, 32.908057 ], [ -96.899644, 32.905928 ], [ -96.902401, 32.905913 ], [ -96.902396, 32.904055 ], [ -96.904286, 32.903851 ], [ -96.904542, 32.906695 ], [ -96.909259, 32.90661 ], [ -96.910693, 32.899741 ], [ -96.911491, 32.895688 ], [ -96.912789, 32.895708 ], [ -96.918753, 32.895636 ], [ -96.918633, 32.903942 ], [ -96.919352, 32.905136 ], [ -96.920899, 32.904075 ], [ -96.922695, 32.90074 ], [ -96.924845, 32.901244 ], [ -96.926316, 32.903761 ], [ -96.927714, 32.905329 ], [ -96.928126843284304, 32.905507362738497 ], [ -96.93023, 32.906416 ], [ -96.931272, 32.907266 ], [ -96.931364, 32.90777 ], [ -96.931122, 32.908838 ], [ -96.931075, 32.90943 ], [ -96.930244, 32.909249 ], [ -96.930675, 32.910735 ], [ -96.933267, 32.912618 ], [ -96.935551, 32.912892 ], [ -96.935595, 32.912739 ], [ -96.935695, 32.912728 ], [ -96.935893, 32.912838 ], [ -96.936103, 32.912832 ], [ -96.936364, 32.912926 ], [ -96.936661, 32.913113 ], [ -96.936927, 32.913379 ], [ -96.937048, 32.913572 ], [ -96.937507, 32.913766 ] ] ] ] } },
{ "type": "Feature", "properties": { "GEOID": "75230", "NAME": "ZCTA5 75230", "TotPopE": 26202.0, "TotPopM": 1592.0, "TotPovE": 1328.0, "TotPovM": 567.0, "ChldPopE": 4217.0, "ChldPopM": 585.0, "ChldPovE": 76.0, "ChldPovM": 71.0, "BlkPopE": 2006.0, "BlkPopM": 692.0, "HispPopE": 3280.0, "HispPopM": 732.0, "WhtPopE": 19286.0, "WhtPopM": 1277.0, "AsnPopE": 1006.0, "AsnPopM": 251.0, "GeoCat": "Zip Code" }, "geometry": { "type": "MultiPolygon", "coordinates": [ [ [ [ -96.818638, 32.921481 ], [ -96.815044, 32.922232 ], [ -96.81503, 32.924484 ], [ -96.811233, 32.924469 ], [ -96.811145, 32.925503 ], [ -96.807116, 32.925491 ], [ -96.803578, 32.924999 ], [ -96.803569, 32.924228 ], [ -96.803552, 32.922545 ], [ -96.797251, 32.922536 ], [ -96.797231, 32.924153 ], [ -96.786305, 32.924261 ], [ -96.786307, 32.924658 ], [ -96.78615, 32.924256 ], [ -96.781304, 32.92378 ], [ -96.781697, 32.922872 ], [ -96.779604, 32.920834 ], [ -96.778309, 32.921053 ], [ -96.778905, 32.917423 ], [ -96.776494, 32.916474 ], [ -96.777008, 32.912016 ], [ -96.775096, 32.90977 ], [ -96.773748, 32.909714 ], [ -96.775153, 32.910849 ], [ -96.775988, 32.913552 ], [ -96.773375, 32.913469 ], [ -96.771013, 32.913542 ], [ -96.770973, 32.910432 ], [ -96.769347, 32.910404 ], [ -96.769326, 32.91084 ], [ -96.768985, 32.912094 ], [ -96.768789, 32.911781 ], [ -96.768972, 32.910708 ], [ -96.769032, 32.909347 ], [ -96.769032, 32.909195 ], [ -96.769387, 32.905543 ], [ -96.770687, 32.906483 ], [ -96.771802, 32.905925 ], [ -96.76942, 32.904128 ], [ -96.769448, 32.901733 ], [ -96.769158, 32.901775 ], [ -96.769197, 32.898713 ], [ -96.76924, 32.896368 ], [ -96.769359, 32.89637 ], [ -96.769489, 32.896372 ], [ -96.770851, 32.896237 ], [ -96.769543, 32.894215 ], [ -96.769912, 32.890306 ], [ -96.770285, 32.887769 ], [ -96.770045, 32.887735 ], [ -96.770186, 32.886532 ], [ -96.770249, 32.88015 ], [ -96.770713, 32.88015 ], [ -96.77071, 32.879721 ], [ -96.771388, 32.879106 ], [ -96.773744, 32.880024 ], [ -96.778682, 32.880024 ], [ -96.778675, 32.880161 ], [ -96.783558, 32.880141 ], [ -96.786662, 32.880032 ], [ -96.786662, 32.879902 ], [ -96.790234, 32.879043 ], [ -96.796237, 32.879129 ], [ -96.796481, 32.879967 ], [ -96.799884, 32.879967 ], [ -96.799796, 32.879142 ], [ -96.804062, 32.879157 ], [ -96.80404, 32.880114 ], [ -96.809561, 32.880177 ], [ -96.808768, 32.886586 ], [ -96.808512, 32.891492 ], [ -96.809257, 32.894923 ], [ -96.814485, 32.90958 ], [ -96.814644, 32.909585 ], [ -96.818827, 32.921478 ], [ -96.818638, 32.921481 ] ] ] ] } },
{ "type": "Feature", "properties": { "GEOID": "75217", "NAME": "ZCTA5 75217", "TotPopE": 87720.0, "TotPopM": 3701.0, "TotPovE": 23667.0, "TotPovM": 3191.0, "ChldPopE": 31474.0, "ChldPopM": 2190.0, "ChldPovE": 11607.0, "ChldPovM": 1875.0, "BlkPopE": 17291.0, "BlkPopM": 1942.0, "HispPopE": 64878.0, "HispPopM": 3398.0, "WhtPopE": 4979.0, "WhtPopM": 788.0, "AsnPopE": 293.0, "AsnPopM": 201.0, "GeoCat": "Zip Code" }, "geometry": { "type": "MultiPolygon", "coordinates": [ [ [ [ -96.736414, 32.755433 ], [ -96.735527, 32.757127 ], [ -96.734188, 32.756845 ], [ -96.732021, 32.758838 ], [ -96.732793, 32.760337 ], [ -96.729766, 32.763644 ], [ -96.729668, 32.764569 ], [ -96.73096, 32.76601 ], [ -96.719463, 32.76558 ], [ -96.715075, 32.764884 ], [ -96.706165, 32.759552 ], [ -96.704284, 32.757824 ], [ -96.703759, 32.755587 ], [ -96.703846, 32.750621 ], [ -96.704211, 32.749152 ], [ -96.700453, 32.749012 ], [ -96.700284, 32.749007 ], [ -96.691772, 32.748966 ], [ -96.682952, 32.748891 ], [ -96.682793, 32.748887 ], [ -96.680063, 32.748858 ], [ -96.674567, 32.748801 ], [ -96.674134, 32.748789 ], [ -96.669817, 32.748739 ], [ -96.665641, 32.748753 ], [ -96.665455, 32.748754 ], [ -96.665452, 32.749314 ], [ -96.664841, 32.751007 ], [ -96.664809, 32.75152 ], [ -96.664495, 32.751489 ], [ -96.663374, 32.750942 ], [ -96.663019, 32.750396 ], [ -96.662844, 32.748779 ], [ -96.661823, 32.748773 ], [ -96.660345, 32.748774 ], [ -96.659901, 32.749886 ], [ -96.656864, 32.751146 ], [ -96.656908, 32.74876 ], [ -96.655722, 32.748753 ], [ -96.655754, 32.749459 ], [ -96.655049, 32.749362 ], [ -96.654873, 32.751532 ], [ -96.654088, 32.752471 ], [ -96.651563, 32.751353 ], [ -96.651568, 32.748759 ], [ -96.649321, 32.74877 ], [ -96.648399, 32.748842 ], [ -96.646431, 32.748742 ], [ -96.639739, 32.74877 ], [ -96.639273, 32.748752 ], [ -96.639106, 32.748586 ], [ -96.638876, 32.73424 ], [ -96.63809, 32.734214 ], [ -96.638101, 32.730491 ], [ -96.638478, 32.730498 ], [ -96.63845, 32.726844 ], [ -96.638487, 32.723099 ], [ -96.638523, 32.719509 ], [ -96.638397, 32.712086 ], [ -96.638416, 32.710305 ], [ -96.638666, 32.706792 ], [ -96.638473, 32.70679 ], [ -96.638502, 32.705033 ], [ -96.635689, 32.705032 ], [ -96.635627, 32.703522 ], [ -96.635639, 32.699913 ], [ -96.635673, 32.699529 ], [ -96.636842, 32.699526 ], [ -96.637504, 32.694308 ], [ -96.637531, 32.694094 ], [ -96.637976, 32.692693 ], [ -96.637116, 32.690478 ], [ -96.63744, 32.690472 ], [ -96.639918, 32.690472 ], [ -96.640094, 32.690029 ], [ -96.640129, 32.686726 ], [ -96.640108, 32.686428 ], [ -96.640062, 32.685105 ], [ -96.64527, 32.685049 ], [ -96.647412, 32.684507 ], [ -96.647337, 32.683194 ], [ -96.644311, 32.683176 ], [ -96.644343, 32.684517 ], [ -96.642544, 32.684967 ], [ -96.64121, 32.683127 ], [ -96.641218, 32.681898 ], [ -96.640092, 32.681469 ], [ -96.640186, 32.678269 ], [ -96.641105, 32.675962 ], [ -96.641076, 32.675457 ], [ -96.642221, 32.675236 ], [ -96.642183, 32.669168 ], [ -96.649185, 32.671116 ], [ -96.653062, 32.670373 ], [ -96.652446, 32.668475 ], [ -96.655665, 32.665452 ], [ -96.662734, 32.659665 ], [ -96.667065, 32.663175 ], [ -96.669059, 32.664153 ], [ -96.669714, 32.661028 ], [ -96.670692, 32.659234 ], [ -96.666752, 32.656388 ], [ -96.65662, 32.647772 ], [ -96.661377, 32.64399 ], [ -96.653142, 32.640725 ], [ -96.656934, 32.637464 ], [ -96.660959, 32.639605 ], [ -96.663102, 32.640223 ], [ -96.664774, 32.640506 ], [ -96.666201, 32.64023 ], [ -96.668913, 32.640873 ], [ -96.677039, 32.647458 ], [ -96.677654, 32.647727 ], [ -96.680711, 32.647675 ], [ -96.6832, 32.649608 ], [ -96.682713, 32.651389 ], [ -96.680042, 32.653956 ], [ -96.678948, 32.655558 ], [ -96.677773, 32.659889 ], [ -96.676733, 32.661763 ], [ -96.678228, 32.663204 ], [ -96.677366, 32.664412 ], [ -96.674937, 32.665322 ], [ -96.67499, 32.666525 ], [ -96.677913, 32.667581 ], [ -96.679082, 32.669091 ], [ -96.679247, 32.670755 ], [ -96.676841, 32.673775 ], [ -96.676931, 32.675773 ], [ -96.677989, 32.676356 ], [ -96.680165, 32.676043 ], [ -96.684235, 32.673631 ], [ -96.68948, 32.671836 ], [ -96.691873, 32.672028 ], [ -96.693019, 32.674487 ], [ -96.694601, 32.675906 ], [ -96.695154, 32.67671 ], [ -96.695342, 32.677701 ], [ -96.693689, 32.680645 ], [ -96.689826, 32.681071 ], [ -96.691627, 32.69298 ], [ -96.691477, 32.695416 ], [ -96.69159, 32.696688 ], [ -96.691946, 32.697918 ], [ -96.694659, 32.697273 ], [ -96.696494, 32.699967 ], [ -96.697596, 32.699983 ], [ -96.700715, 32.698721 ], [ -96.701848, 32.699357 ], [ -96.703168, 32.701335 ], [ -96.703991, 32.701065 ], [ -96.704493, 32.699284 ], [ -96.70859, 32.698783 ], [ -96.713051, 32.696408 ], [ -96.721019, 32.696513 ], [ -96.723691, 32.6973 ], [ -96.72554, 32.698725 ], [ -96.728495, 32.698396 ], [ -96.734039, 32.699823 ], [ -96.734566, 32.700743 ], [ -96.734203, 32.703658 ], [ -96.73568, 32.707498 ], [ -96.735779, 32.707635 ], [ -96.736104, 32.709711 ], [ -96.733262, 32.714851 ], [ -96.731869, 32.718713 ], [ -96.732225, 32.721812 ], [ -96.734043, 32.723626 ], [ -96.736397, 32.72655 ], [ -96.734081, 32.72784 ], [ -96.734294, 32.730688 ], [ -96.73264, 32.730973 ], [ -96.732195, 32.732869 ], [ -96.730873, 32.733921 ], [ -96.72996, 32.736238 ], [ -96.730918, 32.736592 ], [ -96.730794, 32.738233 ], [ -96.729866, 32.738073 ], [ -96.728882, 32.739863 ], [ -96.730696, 32.741349 ], [ -96.730179, 32.742004 ], [ -96.730949, 32.745621 ], [ -96.727203, 32.745095 ], [ -96.729607, 32.745915 ], [ -96.728751, 32.747445 ], [ -96.738078, 32.755437 ], [ -96.736414, 32.755433 ] ] ] ] } },
{ "type": "Feature", "properties": { "GEOID": "75247", "NAME": "ZCTA5 75247", "TotPopE": 852.0, "TotPopM": 249.0, "TotPovE": 634.0, "TotPovM": 229.0, "ChldPopE": 43.0, "ChldPopM": 66.0, "ChldPovE": 43.0, "ChldPovM": 66.0, "BlkPopE": 293.0, "BlkPopM": 122.0, "HispPopE": 168.0, "HispPopM": 131.0, "WhtPopE": 329.0, "WhtPopM": 203.0, "AsnPopE": 0.0, "AsnPopM": 14.0, "GeoCat": "Zip Code" }, "geometry": { "type": "MultiPolygon", "coordinates": [ [ [ [ -96.906129, 32.814286 ], [ -96.905697, 32.816194 ], [ -96.903377, 32.818797 ], [ -96.896964, 32.825104 ], [ -96.895569, 32.825066 ], [ -96.895582, 32.825611 ], [ -96.892205, 32.828453 ], [ -96.890732, 32.830314 ], [ -96.890595, 32.830489 ], [ -96.889744, 32.831702 ], [ -96.889887, 32.83643 ], [ -96.888951, 32.837736 ], [ -96.883542, 32.840558 ], [ -96.876726, 32.842053 ], [ -96.87526, 32.838127 ], [ -96.875282, 32.838212 ], [ -96.872574, 32.838658 ], [ -96.8701, 32.840521 ], [ -96.870358, 32.841479 ], [ -96.865474, 32.837289 ], [ -96.866099, 32.836965 ], [ -96.871437, 32.836972 ], [ -96.872746, 32.836726 ], [ -96.872767, 32.832583 ], [ -96.87131, 32.829133 ], [ -96.869618, 32.827736 ], [ -96.865342, 32.826434 ], [ -96.861931, 32.822274 ], [ -96.861679, 32.822271 ], [ -96.862063, 32.820428 ], [ -96.861168, 32.819353 ], [ -96.856223, 32.819308 ], [ -96.856119, 32.8173 ], [ -96.85649, 32.817188 ], [ -96.857671, 32.818022 ], [ -96.8593, 32.816704 ], [ -96.86314, 32.815554 ], [ -96.8668, 32.815573 ], [ -96.866211, 32.814921 ], [ -96.866058, 32.814681 ], [ -96.865007, 32.813673 ], [ -96.864426, 32.813279 ], [ -96.852417, 32.812958 ], [ -96.848869, 32.812365 ], [ -96.84966, 32.81113 ], [ -96.849496, 32.811071 ], [ -96.852374, 32.806289 ], [ -96.8536, 32.802325 ], [ -96.853144, 32.802287 ], [ -96.850529, 32.801535 ], [ -96.848298, 32.800578 ], [ -96.834447, 32.79345 ], [ -96.835093, 32.78965 ], [ -96.843424, 32.793633 ], [ -96.848132, 32.796386 ], [ -96.851216, 32.797645 ], [ -96.852655, 32.797916 ], [ -96.854805, 32.798026 ], [ -96.873922, 32.797969 ], [ -96.882147, 32.798009 ], [ -96.883318, 32.79811 ], [ -96.883922, 32.798118 ], [ -96.898522, 32.798192 ], [ -96.901537, 32.800668 ], [ -96.903705, 32.804281 ], [ -96.904124, 32.80494 ], [ -96.904565, 32.805594 ], [ -96.905721, 32.807403 ], [ -96.906141, 32.80913 ], [ -96.906129, 32.814286 ] ] ] ] } },
{ "type": "Feature", "properties": { "GEOID": "75236", "NAME": "ZCTA5 75236", "TotPopE": 17528.0, "TotPopM": 1623.0, "TotPovE": 3123.0, "TotPovM": 931.0, "ChldPopE": 5455.0, "ChldPopM": 967.0, "ChldPovE": 1257.0, "ChldPovM": 579.0, "BlkPopE": 7688.0, "BlkPopM": 1333.0, "HispPopE": 7666.0, "HispPopM": 1361.0, "WhtPopE": 1580.0, "WhtPopM": 483.0, "AsnPopE": 276.0, "AsnPopM": 183.0, "GeoCat": "Zip Code" }, "geometry": { "type": "MultiPolygon", "coordinates": [ [ [ [ -96.990102, 32.65216 ], [ -96.988086, 32.653456 ], [ -96.987252, 32.655644 ], [ -96.984725, 32.655991 ], [ -96.983175, 32.660407 ], [ -96.982669, 32.662115 ], [ -96.980988, 32.664203 ], [ -96.980255, 32.666494 ], [ -96.978815, 32.667612 ], [ -96.977482, 32.668844 ], [ -96.975721, 32.670929 ], [ -96.975481, 32.671199 ], [ -96.974548, 32.672317 ], [ -96.974177, 32.675303 ], [ -96.972777, 32.677016 ], [ -96.971467, 32.681615 ], [ -96.971973, 32.68291 ], [ -96.970768, 32.687146 ], [ -96.971731, 32.689999 ], [ -96.973337, 32.691405 ], [ -96.973641, 32.693346 ], [ -96.973184, 32.69733 ], [ -96.970813, 32.699066 ], [ -96.966132, 32.706977 ], [ -96.954977, 32.708024 ], [ -96.952975, 32.707478 ], [ -96.95245, 32.707118 ], [ -96.950617, 32.705945 ], [ -96.949941, 32.705833 ], [ -96.944448, 32.705793 ], [ -96.942162, 32.705607 ], [ -96.942155, 32.705708 ], [ -96.933571, 32.705556 ], [ -96.929937, 32.706174 ], [ -96.925663, 32.706147 ], [ -96.924855, 32.708146 ], [ -96.922054, 32.709957 ], [ -96.917714, 32.711776 ], [ -96.916685, 32.712767 ], [ -96.916056, 32.719276 ], [ -96.916644, 32.720523 ], [ -96.915994, 32.720523 ], [ -96.911149, 32.713909 ], [ -96.908707, 32.71115 ], [ -96.90852, 32.710921 ], [ -96.908592, 32.70574 ], [ -96.905462, 32.70571 ], [ -96.903933, 32.705849 ], [ -96.9028, 32.705827 ], [ -96.901775, 32.707011 ], [ -96.898338, 32.708641 ], [ -96.891467, 32.711075 ], [ -96.88888, 32.712007 ], [ -96.881364, 32.715818 ], [ -96.882026, 32.712622 ], [ -96.881573, 32.71129 ], [ -96.88145, 32.709207 ], [ -96.880928, 32.707828 ], [ -96.881936, 32.710045 ], [ -96.885614, 32.710898 ], [ -96.89023, 32.706806 ], [ -96.891314, 32.706784 ], [ -96.891324, 32.705833 ], [ -96.891355, 32.700849 ], [ -96.891157, 32.700198 ], [ -96.891142, 32.699686 ], [ -96.891469, 32.695543 ], [ -96.891476, 32.693386 ], [ -96.891544, 32.69165 ], [ -96.891539, 32.691459 ], [ -96.89154, 32.689552 ], [ -96.891547, 32.684466 ], [ -96.891362, 32.682461 ], [ -96.887154, 32.681179 ], [ -96.887513, 32.679052 ], [ -96.88284, 32.678431 ], [ -96.882834, 32.676701 ], [ -96.886422, 32.676688 ], [ -96.889752, 32.676494 ], [ -96.889222, 32.675583 ], [ -96.889204, 32.672587 ], [ -96.890379, 32.672291 ], [ -96.891219, 32.670387 ], [ -96.890374, 32.669352 ], [ -96.887153, 32.669381 ], [ -96.887066, 32.663856 ], [ -96.88865, 32.663257 ], [ -96.891261, 32.663232 ], [ -96.891257, 32.664219 ], [ -96.891417, 32.664237 ], [ -96.89146, 32.668113 ], [ -96.891468, 32.669239 ], [ -96.891476, 32.671878 ], [ -96.891472, 32.672974 ], [ -96.892807, 32.672936 ], [ -96.892848, 32.676495 ], [ -96.905637, 32.676379 ], [ -96.905509, 32.675578 ], [ -96.905667, 32.67558 ], [ -96.90863, 32.675606 ], [ -96.90862, 32.676445 ], [ -96.92576, 32.676475 ], [ -96.925634, 32.669731 ], [ -96.925824, 32.66234 ], [ -96.925987, 32.66236 ], [ -96.932839, 32.66238 ], [ -96.933169, 32.662394 ], [ -96.939529, 32.662346 ], [ -96.943226, 32.662227 ], [ -96.945187, 32.663328 ], [ -96.947179, 32.660617 ], [ -96.948863, 32.660858 ], [ -96.948882, 32.661275 ], [ -96.948156, 32.661855 ], [ -96.948534, 32.662504 ], [ -96.947904, 32.662911 ], [ -96.947982, 32.663453 ], [ -96.947292, 32.664462 ], [ -96.950024, 32.665127 ], [ -96.952169, 32.666134 ], [ -96.951695, 32.665349 ], [ -96.951658, 32.662928 ], [ -96.952709, 32.661606 ], [ -96.953378, 32.661397 ], [ -96.956147, 32.662699 ], [ -96.958343, 32.66294 ], [ -96.958738, 32.663829 ], [ -96.957379, 32.66509 ], [ -96.957379, 32.665577 ], [ -96.958278, 32.665613 ], [ -96.964362, 32.662129 ], [ -96.968725, 32.661532 ], [ -96.97253, 32.659692 ], [ -96.972741, 32.659596 ], [ -96.979868, 32.656216 ], [ -96.986287, 32.653156 ], [ -96.990085, 32.652057 ], [ -96.990102, 32.65216 ] ] ] ] } },
{ "type": "Feature", "properties": { "GEOID": "75220", "NAME": "ZCTA5 75220", "TotPopE": 40365.0, "TotPopM": 2341.0, "TotPovE": 7871.0, "TotPovM": 1459.0, "ChldPopE": 11675.0, "ChldPopM": 1114.0, "ChldPovE": 3697.0, "ChldPovM": 941.0, "BlkPopE": 1945.0, "BlkPopM": 629.0, "HispPopE": 26813.0, "HispPopM": 2444.0, "WhtPopE": 10827.0, "WhtPopM": 791.0, "AsnPopE": 695.0, "AsnPopM": 291.0, "GeoCat": "Zip Code" }, "geometry": { "type": "MultiPolygon", "coordinates": [ [ [ [ -96.932036, 32.884251 ], [ -96.93114, 32.886088 ], [ -96.918817, 32.886018 ], [ -96.918757, 32.88862 ], [ -96.917568, 32.888624 ], [ -96.917637, 32.886279 ], [ -96.913439, 32.886099 ], [ -96.915881, 32.874026 ], [ -96.913845, 32.875369 ], [ -96.913523, 32.873972 ], [ -96.90944, 32.87389 ], [ -96.909369, 32.876572 ], [ -96.90454, 32.876821 ], [ -96.903728, 32.878 ], [ -96.902928, 32.881055 ], [ -96.898143, 32.881014 ], [ -96.898146, 32.881152 ], [ -96.885468, 32.881245 ], [ -96.883629, 32.881138 ], [ -96.883566, 32.880934 ], [ -96.883234, 32.879866 ], [ -96.879571, 32.879828 ], [ -96.878271, 32.880921 ], [ -96.877113, 32.880912 ], [ -96.877001, 32.880909 ], [ -96.876413, 32.880909 ], [ -96.868646, 32.880392 ], [ -96.865843, 32.880789 ], [ -96.865705, 32.880792 ], [ -96.859331, 32.880626 ], [ -96.856828, 32.880547 ], [ -96.856275, 32.880428 ], [ -96.856137, 32.880381 ], [ -96.856113, 32.878975 ], [ -96.854726, 32.878978 ], [ -96.854726, 32.87987 ], [ -96.853092, 32.879893 ], [ -96.853092, 32.880291 ], [ -96.846327, 32.880299 ], [ -96.846324, 32.879758 ], [ -96.841587, 32.880281 ], [ -96.838529, 32.880201 ], [ -96.838403, 32.879726 ], [ -96.830765, 32.879322 ], [ -96.830166, 32.880117 ], [ -96.821126, 32.880119 ], [ -96.820983, 32.877981 ], [ -96.818181, 32.880043 ], [ -96.809741, 32.880062 ], [ -96.81153, 32.865501 ], [ -96.816881, 32.865537 ], [ -96.820407, 32.865651 ], [ -96.822084, 32.866525 ], [ -96.822183, 32.866562 ], [ -96.82502, 32.866784 ], [ -96.829147, 32.863953 ], [ -96.829069, 32.863848 ], [ -96.830048, 32.863513 ], [ -96.830107, 32.862632 ], [ -96.830563, 32.861791 ], [ -96.831321, 32.861231 ], [ -96.832138, 32.861255 ], [ -96.833406, 32.862136 ], [ -96.83465, 32.862356 ], [ -96.834427, 32.863597 ], [ -96.836369, 32.86383 ], [ -96.835931, 32.862296 ], [ -96.836958, 32.860362 ], [ -96.840131, 32.859508 ], [ -96.842623, 32.860425 ], [ -96.845067, 32.859142 ], [ -96.848916, 32.860013 ], [ -96.853551, 32.859758 ], [ -96.854108, 32.860089 ], [ -96.854465, 32.859972 ], [ -96.85639, 32.859592 ], [ -96.859194, 32.857148 ], [ -96.860368, 32.855063 ], [ -96.862736, 32.853678 ], [ -96.864933, 32.851498 ], [ -96.86624, 32.849277 ], [ -96.867617, 32.849977 ], [ -96.870379, 32.849762 ], [ -96.872352, 32.848354 ], [ -96.873903, 32.849005 ], [ -96.870083, 32.845886 ], [ -96.871722, 32.845478 ], [ -96.873104, 32.843867 ], [ -96.870358, 32.841479 ], [ -96.8701, 32.840521 ], [ -96.872574, 32.838658 ], [ -96.875282, 32.838212 ], [ -96.87526, 32.838127 ], [ -96.876726, 32.842053 ], [ -96.883542, 32.840558 ], [ -96.888951, 32.837736 ], [ -96.889887, 32.83643 ], [ -96.889666, 32.844122 ], [ -96.888789, 32.847524 ], [ -96.889554, 32.848166 ], [ -96.891615, 32.847164 ], [ -96.893201, 32.847803 ], [ -96.893663, 32.849738 ], [ -96.895362, 32.85092 ], [ -96.898553, 32.850549 ], [ -96.897885, 32.85201 ], [ -96.897941, 32.852463 ], [ -96.89859, 32.853318 ], [ -96.899371, 32.853658 ], [ -96.90032, 32.853491 ], [ -96.901094, 32.852352 ], [ -96.901894, 32.852185 ], [ -96.903099, 32.85262 ], [ -96.903555, 32.853081 ], [ -96.903492, 32.853752 ], [ -96.904048, 32.854188 ], [ -96.905633, 32.853856 ], [ -96.906172, 32.853995 ], [ -96.908479, 32.856088 ], [ -96.911774, 32.855762 ], [ -96.912468, 32.857906 ], [ -96.913717, 32.857942 ], [ -96.914751, 32.856056 ], [ -96.916447, 32.856091 ], [ -96.916953, 32.858494 ], [ -96.919342, 32.857413 ], [ -96.923175, 32.858172 ], [ -96.925006, 32.859645 ], [ -96.922435, 32.860714 ], [ -96.922261, 32.861993 ], [ -96.925297, 32.863387 ], [ -96.92429, 32.865772 ], [ -96.926201, 32.865333 ], [ -96.92702, 32.866448 ], [ -96.924975, 32.868151 ], [ -96.923946, 32.868696 ], [ -96.923542, 32.869145 ], [ -96.92346, 32.86959 ], [ -96.923604, 32.870179 ], [ -96.923842, 32.870632 ], [ -96.924191, 32.870886 ], [ -96.925019, 32.870913 ], [ -96.926978, 32.869351 ], [ -96.931239, 32.870776 ], [ -96.931272, 32.8733 ], [ -96.931073, 32.873728 ], [ -96.93079, 32.874111 ], [ -96.929676, 32.875687 ], [ -96.929296, 32.87757 ], [ -96.92941, 32.880215 ], [ -96.928271, 32.881562 ], [ -96.927822, 32.882845 ], [ -96.928164, 32.883328 ], [ -96.929026, 32.88351 ], [ -96.931281, 32.883071 ], [ -96.931443, 32.883144 ], [ -96.932036, 32.884251 ] ] ] ] } },
{ "type": "Feature", "properties": { "GEOID": "75224", "NAME": "ZCTA5 75224", "TotPopE": 35662.0, "TotPopM": 2480.0, "TotPovE": 6755.0, "TotPovM": 1252.0, "ChldPopE": 10084.0, "ChldPopM": 1133.0, "ChldPovE": 2718.0, "ChldPovM": 737.0, "BlkPopE": 9865.0, "BlkPopM": 1384.0, "HispPopE": 22552.0, "HispPopM": 2257.0, "WhtPopE": 3017.0, "WhtPopM": 608.0, "AsnPopE": 79.0, "AsnPopM": 87.0, "GeoCat": "Zip Code" }, "geometry": { "type": "MultiPolygon", "coordinates": [ [ [ [ -96.857183, 32.70581 ], [ -96.857107, 32.714196 ], [ -96.857113, 32.716808 ], [ -96.857085, 32.720221 ], [ -96.857079, 32.72533 ], [ -96.852547, 32.727998 ], [ -96.849297, 32.729266 ], [ -96.844256, 32.731712 ], [ -96.843174, 32.732121 ], [ -96.840043, 32.73278 ], [ -96.837628, 32.73328 ], [ -96.834304, 32.734009 ], [ -96.832162, 32.734313 ], [ -96.828734, 32.733168 ], [ -96.824611, 32.732846 ], [ -96.824337, 32.732815 ], [ -96.822704, 32.733015 ], [ -96.82226, 32.72859 ], [ -96.821605, 32.726359 ], [ -96.82164, 32.722831 ], [ -96.822813, 32.722814 ], [ -96.822841, 32.721496 ], [ -96.822843, 32.721382 ], [ -96.822878, 32.720318 ], [ -96.821681, 32.720275 ], [ -96.822887, 32.719167 ], [ -96.822958, 32.71316 ], [ -96.822971, 32.70752 ], [ -96.822985, 32.705956 ], [ -96.822975, 32.705838 ], [ -96.822344, 32.703025 ], [ -96.822972, 32.703023 ], [ -96.822946, 32.700992 ], [ -96.824225, 32.700991 ], [ -96.823455, 32.698608 ], [ -96.82325, 32.697542 ], [ -96.823076, 32.696098 ], [ -96.82307, 32.691316 ], [ -96.823126, 32.687101 ], [ -96.827253, 32.688239 ], [ -96.83411, 32.691109 ], [ -96.839968, 32.691212 ], [ -96.840378, 32.691217 ], [ -96.840111, 32.689175 ], [ -96.841308, 32.689799 ], [ -96.841324, 32.691212 ], [ -96.846221, 32.691358 ], [ -96.857138, 32.691234 ], [ -96.857102, 32.698211 ], [ -96.85712, 32.703328 ], [ -96.857183, 32.70581 ] ] ], [ [ [ -96.865698, 32.711367 ], [ -96.865708, 32.713027 ], [ -96.865804, 32.713223 ], [ -96.865783, 32.714323 ], [ -96.861055, 32.714042 ], [ -96.860509, 32.713833 ], [ -96.860316, 32.710212 ], [ -96.865824, 32.71026 ], [ -96.865698, 32.711367 ] ] ] ] } },
{ "type": "Feature", "properties": { "GEOID": "75254", "NAME": "ZCTA5 75254", "TotPopE": 23881.0, "TotPopM": 2687.0, "TotPovE": 3873.0, "TotPovM": 1954.0, "ChldPopE": 5358.0, "ChldPopM": 1685.0, "ChldPovE": 1767.0, "ChldPovM": 1537.0, "BlkPopE": 5296.0, "BlkPopM": 1149.0, "HispPopE": 8338.0, "HispPopM": 2053.0, "WhtPopE": 8100.0, "WhtPopM": 818.0, "AsnPopE": 1288.0, "AsnPopM": 497.0, "GeoCat": "Zip Code" }, "geometry": { "type": "MultiPolygon", "coordinates": [ [ [ [ -96.829907, 32.954014 ], [ -96.822287, 32.954022 ], [ -96.822096, 32.95402 ], [ -96.820861, 32.953999 ], [ -96.8154, 32.954106 ], [ -96.813839, 32.955471 ], [ -96.813837, 32.95411 ], [ -96.808141, 32.954099 ], [ -96.811492, 32.955979 ], [ -96.811942, 32.956777 ], [ -96.811681, 32.958571 ], [ -96.810201, 32.960369 ], [ -96.808968, 32.960417 ], [ -96.810124, 32.959305 ], [ -96.810124, 32.95852 ], [ -96.808945, 32.95648 ], [ -96.808501, 32.956077 ], [ -96.807076, 32.954485 ], [ -96.807074, 32.95393 ], [ -96.804162, 32.953889 ], [ -96.804204, 32.954084 ], [ -96.802738, 32.953831 ], [ -96.800993, 32.952468 ], [ -96.798251, 32.954493 ], [ -96.797696, 32.956487 ], [ -96.797221, 32.956588 ], [ -96.797494, 32.954183 ], [ -96.799287, 32.952505 ], [ -96.799017, 32.950372 ], [ -96.797725, 32.949942 ], [ -96.795605, 32.949775 ], [ -96.792458, 32.949989 ], [ -96.791906, 32.950004 ], [ -96.788754, 32.949986 ], [ -96.784739, 32.949933 ], [ -96.780568, 32.949986 ], [ -96.778695, 32.950332 ], [ -96.778614, 32.95035 ], [ -96.776596, 32.95065 ], [ -96.770728, 32.950629 ], [ -96.768988, 32.950845 ], [ -96.769021, 32.946548 ], [ -96.769025, 32.945847 ], [ -96.769008, 32.944802 ], [ -96.768987, 32.939867 ], [ -96.770411, 32.939881 ], [ -96.770673, 32.939506 ], [ -96.7739, 32.937416 ], [ -96.774175, 32.939338 ], [ -96.778528, 32.939442 ], [ -96.778379, 32.939996 ], [ -96.782814, 32.940773 ], [ -96.786262, 32.939824 ], [ -96.786266, 32.939245 ], [ -96.788071, 32.939278 ], [ -96.789027, 32.936874 ], [ -96.79077, 32.937511 ], [ -96.793458, 32.937299 ], [ -96.795656, 32.938138 ], [ -96.795592, 32.939638 ], [ -96.798318, 32.938663 ], [ -96.803739, 32.938632 ], [ -96.807432, 32.938656 ], [ -96.80746, 32.935822 ], [ -96.809807, 32.935821 ], [ -96.809802, 32.936288 ], [ -96.811695, 32.936311 ], [ -96.812601, 32.936302 ], [ -96.813115, 32.939423 ], [ -96.814031, 32.939414 ], [ -96.817927, 32.939413 ], [ -96.818058, 32.939413 ], [ -96.818059, 32.936115 ], [ -96.821705, 32.93603 ], [ -96.821759, 32.939495 ], [ -96.822086, 32.939495 ], [ -96.822255, 32.939492 ], [ -96.82552, 32.939518 ], [ -96.828147, 32.946859 ], [ -96.830164, 32.95274 ], [ -96.829907, 32.954014 ] ] ] ] } },
{ "type": "Feature", "properties": { "GEOID": "75211", "NAME": "ZCTA5 75211", "TotPopE": 72903.0, "TotPopM": 3324.0, "TotPovE": 14837.0, "TotPovM": 1853.0, "ChldPopE": 20756.0, "ChldPopM": 1796.0, "ChldPovE": 6492.0, "ChldPovM": 1236.0, "BlkPopE": 6341.0, "BlkPopM": 1515.0, "HispPopE": 59503.0, "HispPopM": 2933.0, "WhtPopE": 6151.0, "WhtPopM": 1004.0, "AsnPopE": 403.0, "AsnPopM": 194.0, "GeoCat": "Zip Code" }, "geometry": { "type": "MultiPolygon", "coordinates": [ [ [ [ -96.960084, 32.713932 ], [ -96.956148, 32.718421 ], [ -96.943763, 32.732522 ], [ -96.941374, 32.73397 ], [ -96.939901, 32.736096 ], [ -96.937691, 32.737223 ], [ -96.936662, 32.738968 ], [ -96.933087, 32.739736 ], [ -96.932451, 32.741764 ], [ -96.931089, 32.742589 ], [ -96.930225, 32.74344 ], [ -96.929317, 32.744459 ], [ -96.92824, 32.744474 ], [ -96.928221, 32.745103 ], [ -96.927742, 32.745407 ], [ -96.92753, 32.745586 ], [ -96.927337, 32.746102 ], [ -96.9264, 32.747526 ], [ -96.926325, 32.747692 ], [ -96.926257, 32.747824 ], [ -96.925918, 32.755831 ], [ -96.92402, 32.760999 ], [ -96.924263, 32.76133 ], [ -96.92472, 32.76225 ], [ -96.926691, 32.762464 ], [ -96.92794, 32.764824 ], [ -96.927729, 32.765058 ], [ -96.927377, 32.765629 ], [ -96.927327, 32.765634 ], [ -96.917657, 32.766428 ], [ -96.914633, 32.766453 ], [ -96.914396, 32.766454 ], [ -96.90233, 32.766614 ], [ -96.895844, 32.766786 ], [ -96.888547, 32.767877 ], [ -96.887145, 32.767952 ], [ -96.880822, 32.767726 ], [ -96.87384, 32.76755 ], [ -96.859332, 32.767058 ], [ -96.856677, 32.766442 ], [ -96.856706, 32.764077 ], [ -96.856737, 32.762183 ], [ -96.856807, 32.755685 ], [ -96.856812, 32.75536 ], [ -96.857596, 32.754215 ], [ -96.857485, 32.749968 ], [ -96.856858, 32.749613 ], [ -96.856917, 32.747802 ], [ -96.856897, 32.744434 ], [ -96.857371, 32.744069 ], [ -96.857378, 32.74312 ], [ -96.856889, 32.743124 ], [ -96.856879, 32.741259 ], [ -96.856793, 32.740237 ], [ -96.856825, 32.737136 ], [ -96.857433, 32.73715 ], [ -96.857454, 32.73493 ], [ -96.856876, 32.734833 ], [ -96.857037, 32.732053 ], [ -96.857069, 32.729215 ], [ -96.857079, 32.72533 ], [ -96.859281, 32.724145 ], [ -96.868985, 32.720656 ], [ -96.869722, 32.720391 ], [ -96.870114, 32.720256 ], [ -96.872947, 32.71913 ], [ -96.874279, 32.718821 ], [ -96.881095, 32.716669 ], [ -96.881364, 32.715818 ], [ -96.88888, 32.712007 ], [ -96.891467, 32.711075 ], [ -96.898338, 32.708641 ], [ -96.901775, 32.707011 ], [ -96.9028, 32.705827 ], [ -96.903933, 32.705849 ], [ -96.905462, 32.70571 ], [ -96.908592, 32.70574 ], [ -96.90852, 32.710921 ], [ -96.908707, 32.71115 ], [ -96.911149, 32.713909 ], [ -96.915994, 32.720523 ], [ -96.916644, 32.720523 ], [ -96.916056, 32.719276 ], [ -96.916685, 32.712767 ], [ -96.917714, 32.711776 ], [ -96.922054, 32.709957 ], [ -96.924855, 32.708146 ], [ -96.925663, 32.706147 ], [ -96.929937, 32.706174 ], [ -96.933571, 32.705556 ], [ -96.942155, 32.705708 ], [ -96.942162, 32.705607 ], [ -96.944448, 32.705793 ], [ -96.949941, 32.705833 ], [ -96.950617, 32.705945 ], [ -96.95245, 32.707118 ], [ -96.952975, 32.707478 ], [ -96.954977, 32.708024 ], [ -96.966132, 32.706977 ], [ -96.960084, 32.713932 ] ] ] ] } },
{ "type": "Feature", "properties": { "GEOID": "75214", "NAME": "ZCTA5 75214", "TotPopE": 33500.0, "TotPopM": 1781.0, "TotPovE": 2058.0, "TotPovM": 578.0, "ChldPopE": 7148.0, "ChldPopM": 688.0, "ChldPovE": 274.0, "ChldPovM": 135.0, "BlkPopE": 2313.0, "BlkPopM": 593.0, "HispPopE": 5227.0, "HispPopM": 850.0, "WhtPopE": 24241.0, "WhtPopM": 1613.0, "AsnPopE": 791.0, "AsnPopM": 263.0, "GeoCat": "Zip Code" }, "geometry": { "type": "MultiPolygon", "coordinates": [ [ [ [ -96.771553, 32.802084 ], [ -96.768115, 32.804971 ], [ -96.766035, 32.805419 ], [ -96.763569, 32.807459 ], [ -96.764098, 32.807895 ], [ -96.76246, 32.809295 ], [ -96.76024, 32.810239 ], [ -96.761145, 32.810998 ], [ -96.761712, 32.811526 ], [ -96.761565, 32.813857 ], [ -96.761534, 32.817194 ], [ -96.761522, 32.817335 ], [ -96.761549, 32.822001 ], [ -96.761508, 32.822916 ], [ -96.761545, 32.824838 ], [ -96.760148, 32.824851 ], [ -96.760108, 32.827934 ], [ -96.761558, 32.827934 ], [ -96.761564, 32.829894 ], [ -96.761513, 32.832459 ], [ -96.761473, 32.836436 ], [ -96.76136, 32.841787 ], [ -96.761399, 32.844344 ], [ -96.761399, 32.846536 ], [ -96.76105, 32.849467 ], [ -96.760643, 32.850859 ], [ -96.760597, 32.850988 ], [ -96.759781, 32.852838 ], [ -96.758527, 32.854825 ], [ -96.756517, 32.857045 ], [ -96.753803, 32.859626 ], [ -96.751161, 32.85767 ], [ -96.749607, 32.856904 ], [ -96.749738, 32.856793 ], [ -96.748498, 32.854458 ], [ -96.747117, 32.855477 ], [ -96.745686, 32.855115 ], [ -96.74599, 32.855933 ], [ -96.744426, 32.855642 ], [ -96.743212, 32.852876 ], [ -96.741051, 32.855009 ], [ -96.736707, 32.854185 ], [ -96.735635, 32.854106 ], [ -96.733388, 32.854719 ], [ -96.733765, 32.851753 ], [ -96.732831, 32.853009 ], [ -96.732654, 32.854996 ], [ -96.733163, 32.854999 ], [ -96.732683, 32.855181 ], [ -96.731694, 32.85561 ], [ -96.728654, 32.856951 ], [ -96.725103, 32.858517 ], [ -96.721827, 32.856226 ], [ -96.721422, 32.8555 ], [ -96.723206, 32.852755 ], [ -96.723263, 32.852666 ], [ -96.724156, 32.85138 ], [ -96.724336, 32.846916 ], [ -96.719893, 32.838096 ], [ -96.719777, 32.834428 ], [ -96.722177, 32.823827 ], [ -96.723844, 32.814943 ], [ -96.723848, 32.814813 ], [ -96.726271, 32.813189 ], [ -96.726213, 32.813063 ], [ -96.72514, 32.810955 ], [ -96.726356, 32.807384 ], [ -96.725816, 32.804378 ], [ -96.727413, 32.80425 ], [ -96.728879, 32.804288 ], [ -96.733187, 32.806407 ], [ -96.73242, 32.80795 ], [ -96.733307, 32.8065 ], [ -96.733651, 32.806849 ], [ -96.7357, 32.808692 ], [ -96.737847, 32.809699 ], [ -96.739974, 32.809736 ], [ -96.745049, 32.807996 ], [ -96.745739, 32.807479 ], [ -96.747155, 32.806053 ], [ -96.749257, 32.803621 ], [ -96.750863, 32.802194 ], [ -96.75401, 32.799494 ], [ -96.754192, 32.799339 ], [ -96.754312, 32.799242 ], [ -96.759416, 32.79507 ], [ -96.760079, 32.794629 ], [ -96.761652, 32.793428 ], [ -96.763601, 32.795108 ], [ -96.763685, 32.795198 ], [ -96.764208, 32.795665 ], [ -96.765877, 32.797144 ], [ -96.769311, 32.800134 ], [ -96.771472, 32.802016 ], [ -96.771553, 32.802084 ] ] ] ] } },
{ "type": "Feature", "properties": { "GEOID": "75052", "NAME": "ZCTA5 75052", "TotPopE": 95502.0, "TotPopM": 3035.0, "TotPovE": 7365.0, "TotPovM": 1552.0, "ChldPopE": 26703.0, "ChldPopM": 1615.0, "ChldPovE": 2803.0, "ChldPovM": 799.0, "BlkPopE": 26918.0, "BlkPopM": 2365.0, "HispPopE": 36949.0, "HispPopM": 2705.0, "WhtPopE": 20220.0, "WhtPopM": 1635.0, "AsnPopE": 9813.0, "AsnPopM": 1330.0, "GeoCat": "Zip Code" }, "geometry": { "type": "MultiPolygon", "coordinates": [ [ [ [ -97.077661, 32.60698 ], [ -97.078235, 32.609139 ], [ -97.078381, 32.60905 ], [ -97.077517, 32.611761 ], [ -97.07662, 32.61776 ], [ -97.075533, 32.620138 ], [ -97.071987, 32.624866 ], [ -97.070264, 32.626969 ], [ -97.06632, 32.632259 ], [ -97.065645, 32.634572 ], [ -97.065627, 32.634833 ], [ -97.06555, 32.635535 ], [ -97.064655, 32.638229 ], [ -97.063766, 32.643494 ], [ -97.063607, 32.645739 ], [ -97.064172, 32.648347 ], [ -97.06254, 32.651236 ], [ -97.062515, 32.652509 ], [ -97.063373, 32.660582 ], [ -97.063751, 32.661507 ], [ -97.063302, 32.66809 ], [ -97.062867, 32.668092 ], [ -97.062222, 32.668095 ], [ -97.062184, 32.668782 ], [ -97.062026, 32.670209 ], [ -97.059837, 32.673828 ], [ -97.058834, 32.675886 ], [ -97.056139, 32.676614 ], [ -97.056138, 32.677061 ], [ -97.062762, 32.677202 ], [ -97.062764, 32.677492 ], [ -97.062753, 32.6915 ], [ -97.062747, 32.691654 ], [ -97.063432, 32.691653 ], [ -97.063297, 32.700383 ], [ -97.06338, 32.704428 ], [ -97.064045, 32.706056 ], [ -97.062945, 32.70608 ], [ -97.062598, 32.706077 ], [ -97.061123, 32.706049 ], [ -97.058983, 32.706079 ], [ -97.053448, 32.706082 ], [ -97.047574, 32.706036 ], [ -97.047574, 32.706121 ], [ -97.044017, 32.706133 ], [ -97.043609, 32.711134 ], [ -97.040236, 32.710726 ], [ -97.041461, 32.709828 ], [ -97.036017, 32.70978 ], [ -97.035996, 32.711097 ], [ -97.025221, 32.710015 ], [ -97.024809, 32.709974 ], [ -97.02481, 32.709606 ], [ -97.024527, 32.709598 ], [ -97.024228, 32.705732 ], [ -97.0198, 32.705399 ], [ -97.01978, 32.709697 ], [ -97.015439, 32.709663 ], [ -97.012176, 32.70963 ], [ -97.007426, 32.709595 ], [ -97.00594, 32.709576 ], [ -97.005958, 32.708651 ], [ -97.005747, 32.707855 ], [ -97.002455, 32.707009 ], [ -97.002453, 32.707476 ], [ -97.002443, 32.709559 ], [ -96.994177, 32.709521 ], [ -96.991801, 32.70886 ], [ -96.987355, 32.705944 ], [ -96.985674, 32.705677 ], [ -96.984283, 32.705525 ], [ -96.982027, 32.70557 ], [ -96.981741, 32.70557 ], [ -96.984652, 32.704653 ], [ -96.985329, 32.703966 ], [ -96.985412, 32.694401 ], [ -96.985713, 32.694091 ], [ -96.985314, 32.6923 ], [ -96.981145, 32.692224 ], [ -96.980808, 32.691896 ], [ -96.977011, 32.694705 ], [ -96.976187, 32.695922 ], [ -96.97433, 32.696019 ], [ -96.973184, 32.69733 ], [ -96.973641, 32.693346 ], [ -96.973337, 32.691405 ], [ -96.971731, 32.689999 ], [ -96.970768, 32.687146 ], [ -96.971973, 32.68291 ], [ -96.971467, 32.681615 ], [ -96.972777, 32.677016 ], [ -96.974177, 32.675303 ], [ -96.974548, 32.672317 ], [ -96.975481, 32.671199 ], [ -96.975721, 32.670929 ], [ -96.977482, 32.668844 ], [ -96.978815, 32.667612 ], [ -96.980255, 32.666494 ], [ -96.980988, 32.664203 ], [ -96.982669, 32.662115 ], [ -96.983175, 32.660407 ], [ -96.984725, 32.655991 ], [ -96.987252, 32.655644 ], [ -96.988086, 32.653456 ], [ -96.990102, 32.65216 ], [ -96.990085, 32.652057 ], [ -96.99025, 32.652012 ], [ -96.990375, 32.651976 ], [ -96.990249, 32.651815 ], [ -96.990249, 32.64988 ], [ -96.99824, 32.64586 ], [ -96.99854, 32.644626 ], [ -96.995011, 32.644652 ], [ -96.98975, 32.643832 ], [ -96.99001, 32.6433 ], [ -96.991896, 32.642799 ], [ -96.995451, 32.639723 ], [ -96.995725, 32.637644 ], [ -96.996263, 32.634922 ], [ -96.996341, 32.632885 ], [ -96.997734, 32.633864 ], [ -97.000898, 32.635162 ], [ -97.011259, 32.639722 ], [ -97.014462, 32.638632 ], [ -97.016678, 32.638776 ], [ -97.015911, 32.637504 ], [ -97.017671, 32.636318 ], [ -97.018642, 32.637638 ], [ -97.020922, 32.637841 ], [ -97.018813, 32.637248 ], [ -97.018377, 32.635343 ], [ -97.020031, 32.635173 ], [ -97.019994, 32.633885 ], [ -97.021454, 32.633996 ], [ -97.021629, 32.632517 ], [ -97.02279, 32.633257 ], [ -97.022222, 32.631577 ], [ -97.026673, 32.630972 ], [ -97.029424, 32.629167 ], [ -97.032647, 32.630664 ], [ -97.03601, 32.631363 ], [ -97.037328, 32.630806 ], [ -97.037455, 32.622841 ], [ -97.038989, 32.622976 ], [ -97.039119, 32.622969 ], [ -97.04498, 32.621323 ], [ -97.049511, 32.61824 ], [ -97.058304, 32.609108 ], [ -97.058981, 32.604365 ], [ -97.061483, 32.602287 ], [ -97.059876, 32.599266 ], [ -97.061118, 32.596697 ], [ -97.064181, 32.594527 ], [ -97.065992, 32.595294 ], [ -97.067798, 32.594277 ], [ -97.068218, 32.595052 ], [ -97.069297, 32.59416 ], [ -97.071604, 32.595075 ], [ -97.072696, 32.593044 ], [ -97.075387, 32.592314 ], [ -97.073786, 32.592066 ], [ -97.074671, 32.590485 ], [ -97.074728, 32.590578 ], [ -97.075895, 32.590618 ], [ -97.076447, 32.590295 ], [ -97.076818, 32.590277 ], [ -97.078516, 32.590187 ], [ -97.077661, 32.60698 ] ] ] ] } },
{ "type": "Feature", "properties": { "GEOID": "75051", "NAME": "ZCTA5 75051", "TotPopE": 39668.0, "TotPopM": 2030.0, "TotPovE": 8329.0, "TotPovM": 1936.0, "ChldPopE": 11916.0, "ChldPopM": 1255.0, "ChldPovE": 3235.0, "ChldPovM": 1097.0, "BlkPopE": 5961.0, "BlkPopM": 972.0, "HispPopE": 26899.0, "HispPopM": 1997.0, "WhtPopE": 5756.0, "WhtPopM": 904.0, "AsnPopE": 710.0, "AsnPopM": 398.0, "GeoCat": "Zip Code" }, "geometry": { "type": "MultiPolygon", "coordinates": [ [ [ [ -97.056363, 32.735227 ], [ -97.049349, 32.735111 ], [ -97.04932, 32.736291 ], [ -97.04603, 32.736686 ], [ -97.045897, 32.737776 ], [ -97.046024, 32.737759 ], [ -97.046024, 32.737837 ], [ -97.046022, 32.737976 ], [ -97.048239, 32.737696 ], [ -97.048243, 32.738197 ], [ -97.046559, 32.738388 ], [ -97.046524, 32.738211 ], [ -97.04602, 32.738191 ], [ -97.04602, 32.739224 ], [ -97.04587, 32.739562 ], [ -97.045731, 32.73954 ], [ -97.045736, 32.739433 ], [ -97.041894, 32.739069 ], [ -97.035597, 32.739701 ], [ -97.035518, 32.739709 ], [ -97.035522, 32.739451 ], [ -97.029123, 32.740288 ], [ -97.02304, 32.741072 ], [ -97.016639, 32.741901 ], [ -97.01576, 32.742108 ], [ -97.011141, 32.743723 ], [ -97.008764, 32.744328 ], [ -97.007083, 32.74457 ], [ -97.005058, 32.744677 ], [ -97.003487, 32.744757 ], [ -96.998145, 32.744964 ], [ -96.994504, 32.745112 ], [ -96.987433, 32.745435 ], [ -96.978786, 32.745893 ], [ -96.978841, 32.746164 ], [ -96.977064, 32.746221 ], [ -96.975324, 32.746276 ], [ -96.970753, 32.746496 ], [ -96.970753, 32.746181 ], [ -96.970753, 32.746027 ], [ -96.969426, 32.746089 ], [ -96.969062, 32.74638 ], [ -96.963381, 32.746603 ], [ -96.958127, 32.747383 ], [ -96.959609, 32.746428 ], [ -96.957955, 32.74644 ], [ -96.950246, 32.746578 ], [ -96.943717, 32.749068 ], [ -96.940158, 32.749115 ], [ -96.940564, 32.7468 ], [ -96.933297, 32.746975 ], [ -96.9264, 32.747526 ], [ -96.927337, 32.746102 ], [ -96.92753, 32.745586 ], [ -96.927742, 32.745407 ], [ -96.928221, 32.745103 ], [ -96.92824, 32.744474 ], [ -96.929317, 32.744459 ], [ -96.930225, 32.74344 ], [ -96.931089, 32.742589 ], [ -96.932451, 32.741764 ], [ -96.933087, 32.739736 ], [ -96.936662, 32.738968 ], [ -96.937691, 32.737223 ], [ -96.939901, 32.736096 ], [ -96.941374, 32.73397 ], [ -96.943763, 32.732522 ], [ -96.956148, 32.718421 ], [ -96.960084, 32.713932 ], [ -96.966132, 32.706977 ], [ -96.970813, 32.699066 ], [ -96.973184, 32.69733 ], [ -96.97433, 32.696019 ], [ -96.976187, 32.695922 ], [ -96.977011, 32.694705 ], [ -96.980808, 32.691896 ], [ -96.981145, 32.692224 ], [ -96.985314, 32.6923 ], [ -96.985713, 32.694091 ], [ -96.985412, 32.694401 ], [ -96.985329, 32.703966 ], [ -96.984652, 32.704653 ], [ -96.981741, 32.70557 ], [ -96.982027, 32.70557 ], [ -96.984283, 32.705525 ], [ -96.985674, 32.705677 ], [ -96.987355, 32.705944 ], [ -96.991801, 32.70886 ], [ -96.994177, 32.709521 ], [ -97.002443, 32.709559 ], [ -97.002453, 32.707476 ], [ -97.002455, 32.707009 ], [ -97.005747, 32.707855 ], [ -97.005958, 32.708651 ], [ -97.00594, 32.709576 ], [ -97.007426, 32.709595 ], [ -97.012176, 32.70963 ], [ -97.015439, 32.709663 ], [ -97.01978, 32.709697 ], [ -97.0198, 32.705399 ], [ -97.024228, 32.705732 ], [ -97.024527, 32.709598 ], [ -97.02481, 32.709606 ], [ -97.024809, 32.709974 ], [ -97.025221, 32.710015 ], [ -97.035996, 32.711097 ], [ -97.036017, 32.70978 ], [ -97.041461, 32.709828 ], [ -97.040236, 32.710726 ], [ -97.043609, 32.711134 ], [ -97.044017, 32.706133 ], [ -97.047574, 32.706121 ], [ -97.047586, 32.720633 ], [ -97.045914, 32.720623 ], [ -97.045867, 32.727188 ], [ -97.045855, 32.727906 ], [ -97.051172, 32.727987 ], [ -97.056663, 32.728425 ], [ -97.056363, 32.735227 ] ] ] ] } },
{ "type": "Feature", "properties": { "GEOID": "75228", "NAME": "ZCTA5 75228", "TotPopE": 71148.0, "TotPopM": 3640.0, "TotPovE": 13823.0, "TotPovM": 2167.0, "ChldPopE": 20508.0, "ChldPopM": 1776.0, "ChldPovE": 5920.0, "ChldPovM": 1426.0, "BlkPopE": 13480.0, "BlkPopM": 1503.0, "HispPopE": 40346.0, "HispPopM": 3835.0, "WhtPopE": 15074.0, "WhtPopM": 1230.0, "AsnPopE": 1270.0, "AsnPopM": 553.0, "GeoCat": "Zip Code" }, "geometry": { "type": "MultiPolygon", "coordinates": [ [ [ [ -96.731474, 32.792949 ], [ -96.728874, 32.802874 ], [ -96.728879, 32.804288 ], [ -96.727413, 32.80425 ], [ -96.725816, 32.804378 ], [ -96.720914, 32.805049 ], [ -96.718848, 32.80601 ], [ -96.70942, 32.812266 ], [ -96.705108, 32.815219 ], [ -96.698707, 32.81956 ], [ -96.697027, 32.821483 ], [ -96.69578, 32.823859 ], [ -96.690533, 32.833269 ], [ -96.686703, 32.840163 ], [ -96.685113, 32.843001 ], [ -96.684485, 32.844237 ], [ -96.679986, 32.850693 ], [ -96.674274, 32.859144 ], [ -96.670817, 32.864051 ], [ -96.669187, 32.866544 ], [ -96.668545, 32.867417 ], [ -96.668053, 32.868126 ], [ -96.665625, 32.866614 ], [ -96.665491, 32.866538 ], [ -96.661581, 32.864036 ], [ -96.658127, 32.861839 ], [ -96.650237, 32.856841 ], [ -96.648839, 32.855953 ], [ -96.645719, 32.853855 ], [ -96.642738, 32.851275 ], [ -96.636173, 32.845506 ], [ -96.6349, 32.843857 ], [ -96.634854, 32.843785 ], [ -96.635868, 32.842925 ], [ -96.639674, 32.839652 ], [ -96.642307, 32.839593 ], [ -96.64718, 32.837667 ], [ -96.648996, 32.838334 ], [ -96.652556, 32.835316 ], [ -96.655263, 32.837638 ], [ -96.658861, 32.834526 ], [ -96.658359, 32.8338 ], [ -96.65819, 32.830853 ], [ -96.658165, 32.830382 ], [ -96.658143, 32.828674 ], [ -96.658164, 32.827824 ], [ -96.657872, 32.824824 ], [ -96.658051, 32.821533 ], [ -96.65859, 32.821506 ], [ -96.658604, 32.821392 ], [ -96.659294, 32.821361 ], [ -96.661683, 32.821391 ], [ -96.661622, 32.819063 ], [ -96.662174, 32.819032 ], [ -96.662321, 32.819025 ], [ -96.662264, 32.815541 ], [ -96.665255, 32.815398 ], [ -96.665388, 32.814168 ], [ -96.665386, 32.811311 ], [ -96.665257, 32.810951 ], [ -96.665699, 32.810003 ], [ -96.66577, 32.807035 ], [ -96.668106, 32.807018 ], [ -96.668291, 32.80687 ], [ -96.673605, 32.806879 ], [ -96.673626, 32.805964 ], [ -96.674546, 32.803667 ], [ -96.675334, 32.802611 ], [ -96.675373, 32.801023 ], [ -96.674679, 32.801158 ], [ -96.673844, 32.801525 ], [ -96.674166, 32.800877 ], [ -96.675565, 32.800117 ], [ -96.676428, 32.79973 ], [ -96.677292, 32.799363 ], [ -96.682575, 32.798011 ], [ -96.682847, 32.796374 ], [ -96.685021, 32.792521 ], [ -96.688328, 32.792491 ], [ -96.691226, 32.792526 ], [ -96.694258, 32.792569 ], [ -96.696067, 32.792459 ], [ -96.695791, 32.791149 ], [ -96.698351, 32.790814 ], [ -96.69941, 32.79056 ], [ -96.699489, 32.789637 ], [ -96.699946, 32.789637 ], [ -96.699909, 32.792009 ], [ -96.700078, 32.791972 ], [ -96.702141, 32.791742 ], [ -96.712332, 32.792803 ], [ -96.712326, 32.789138 ], [ -96.716387, 32.789096 ], [ -96.717156, 32.789598 ], [ -96.717192, 32.793544 ], [ -96.717469, 32.793564 ], [ -96.717857, 32.793565 ], [ -96.727486, 32.792982 ], [ -96.729178, 32.792111 ], [ -96.730277, 32.791825 ], [ -96.73185, 32.791713 ], [ -96.731474, 32.792949 ] ] ] ] } },
{ "type": "Feature", "properties": { "GEOID": "75206", "NAME": "ZCTA5 75206", "TotPopE": 37912.0, "TotPopM": 2107.0, "TotPovE": 4485.0, "TotPovM": 789.0, "ChldPopE": 4486.0, "ChldPopM": 808.0, "ChldPovE": 442.0, "ChldPovM": 242.0, "BlkPopE": 2698.0, "BlkPopM": 626.0, "HispPopE": 6113.0, "HispPopM": 906.0, "WhtPopE": 24479.0, "WhtPopM": 1583.0, "AsnPopE": 3241.0, "AsnPopM": 606.0, "GeoCat": "Zip Code" }, "geometry": { "type": "MultiPolygon", "coordinates": [ [ [ [ -96.78961, 32.81559 ], [ -96.78609, 32.822077 ], [ -96.78599, 32.822262 ], [ -96.785069, 32.823933 ], [ -96.783837, 32.826828 ], [ -96.781919, 32.830007 ], [ -96.781114, 32.831193 ], [ -96.780385, 32.833208 ], [ -96.780111, 32.833432 ], [ -96.779726, 32.834725 ], [ -96.778643, 32.836585 ], [ -96.779207, 32.836593 ], [ -96.777521, 32.838687 ], [ -96.775915, 32.841969 ], [ -96.77429, 32.843787 ], [ -96.773346, 32.845584 ], [ -96.7736, 32.845578 ], [ -96.77223, 32.849325 ], [ -96.771571, 32.850997 ], [ -96.77047, 32.855895 ], [ -96.770454, 32.857094 ], [ -96.770454, 32.857273 ], [ -96.770406, 32.860885 ], [ -96.770373, 32.865603 ], [ -96.767273, 32.865537 ], [ -96.763851, 32.865519 ], [ -96.761631, 32.86515 ], [ -96.760072, 32.864389 ], [ -96.75676, 32.861877 ], [ -96.756076, 32.86135 ], [ -96.753803, 32.859626 ], [ -96.756517, 32.857045 ], [ -96.758527, 32.854825 ], [ -96.759781, 32.852838 ], [ -96.760597, 32.850988 ], [ -96.760643, 32.850859 ], [ -96.76105, 32.849467 ], [ -96.761399, 32.846536 ], [ -96.761399, 32.844344 ], [ -96.76136, 32.841787 ], [ -96.761473, 32.836436 ], [ -96.761513, 32.832459 ], [ -96.761564, 32.829894 ], [ -96.761558, 32.827934 ], [ -96.760108, 32.827934 ], [ -96.760148, 32.824851 ], [ -96.761545, 32.824838 ], [ -96.761508, 32.822916 ], [ -96.761549, 32.822001 ], [ -96.761522, 32.817335 ], [ -96.761534, 32.817194 ], [ -96.761565, 32.813857 ], [ -96.761712, 32.811526 ], [ -96.761145, 32.810998 ], [ -96.76024, 32.810239 ], [ -96.76246, 32.809295 ], [ -96.764098, 32.807895 ], [ -96.763569, 32.807459 ], [ -96.766035, 32.805419 ], [ -96.768115, 32.804971 ], [ -96.771553, 32.802084 ], [ -96.772361, 32.802732 ], [ -96.773552, 32.803789 ], [ -96.7763, 32.806176 ], [ -96.776617, 32.806457 ], [ -96.776335, 32.806714 ], [ -96.776447, 32.806833 ], [ -96.776298, 32.806968 ], [ -96.778011, 32.808465 ], [ -96.778471, 32.808072 ], [ -96.779295, 32.80876 ], [ -96.778752, 32.809182 ], [ -96.781313, 32.81139 ], [ -96.781918, 32.811029 ], [ -96.782121, 32.811203 ], [ -96.782168, 32.811242 ], [ -96.786457, 32.814977 ], [ -96.78683, 32.815143 ], [ -96.787065, 32.815118 ], [ -96.789068, 32.815438 ], [ -96.78961, 32.81559 ] ] ] ] } },
{ "type": "Feature", "properties": { "GEOID": "75205", "NAME": "ZCTA5 75205", "TotPopE": 22219.0, "TotPopM": 1155.0, "TotPovE": 1709.0, "TotPovM": 385.0, "ChldPopE": 5221.0, "ChldPopM": 473.0, "ChldPovE": 326.0, "ChldPovM": 141.0, "BlkPopE": 174.0, "BlkPopM": 116.0, "HispPopE": 1845.0, "HispPopM": 484.0, "WhtPopE": 18398.0, "WhtPopM": 1103.0, "AsnPopE": 1129.0, "AsnPopM": 291.0, "GeoCat": "Zip Code" }, "geometry": { "type": "MultiPolygon", "coordinates": [ [ [ [ -96.815971, 32.826754 ], [ -96.816106, 32.826765 ], [ -96.814879, 32.836627 ], [ -96.813831, 32.845356 ], [ -96.813667, 32.846884 ], [ -96.813168, 32.851174 ], [ -96.812086, 32.851177 ], [ -96.806757, 32.85114 ], [ -96.806757, 32.850673 ], [ -96.804789, 32.850665 ], [ -96.804786, 32.851136 ], [ -96.804211, 32.851134 ], [ -96.79495, 32.851073 ], [ -96.790049, 32.851188 ], [ -96.790017, 32.850673 ], [ -96.789164, 32.850674 ], [ -96.789161, 32.850246 ], [ -96.787932, 32.850253 ], [ -96.787924, 32.851165 ], [ -96.786915, 32.851143 ], [ -96.786907, 32.850668 ], [ -96.782845, 32.850627 ], [ -96.782865, 32.851101 ], [ -96.778969, 32.851107 ], [ -96.778955, 32.850522 ], [ -96.777132, 32.850502 ], [ -96.777015, 32.850551 ], [ -96.777006, 32.85109 ], [ -96.772777, 32.851024 ], [ -96.772774, 32.850484 ], [ -96.771998, 32.850467 ], [ -96.771776, 32.851007 ], [ -96.771571, 32.850997 ], [ -96.77223, 32.849325 ], [ -96.7736, 32.845578 ], [ -96.773346, 32.845584 ], [ -96.77429, 32.843787 ], [ -96.775915, 32.841969 ], [ -96.777521, 32.838687 ], [ -96.779207, 32.836593 ], [ -96.778643, 32.836585 ], [ -96.779726, 32.834725 ], [ -96.780111, 32.833432 ], [ -96.780385, 32.833208 ], [ -96.781114, 32.831193 ], [ -96.781919, 32.830007 ], [ -96.783837, 32.826828 ], [ -96.785069, 32.823933 ], [ -96.78599, 32.822262 ], [ -96.78609, 32.822077 ], [ -96.78961, 32.81559 ], [ -96.792491, 32.816552 ], [ -96.795399, 32.817678 ], [ -96.795329, 32.817807 ], [ -96.796558, 32.818868 ], [ -96.798732, 32.819382 ], [ -96.799205, 32.818945 ], [ -96.799431, 32.818944 ], [ -96.799987, 32.81897 ], [ -96.800209, 32.819693 ], [ -96.801012, 32.82321 ], [ -96.802516, 32.823437 ], [ -96.802347, 32.822671 ], [ -96.804393, 32.822688 ], [ -96.804383, 32.822774 ], [ -96.80439, 32.823173 ], [ -96.804513, 32.823175 ], [ -96.806866, 32.823162 ], [ -96.80696, 32.823171 ], [ -96.812034, 32.823195 ], [ -96.812457, 32.822804 ], [ -96.812521, 32.822856 ], [ -96.81635, 32.823673 ], [ -96.815971, 32.826754 ] ] ] ] } },
{ "type": "Feature", "properties": { "GEOID": "75215", "NAME": "ZCTA5 75215", "TotPopE": 17730.0, "TotPopM": 1519.0, "TotPovE": 5057.0, "TotPovM": 940.0, "ChldPopE": 4165.0, "ChldPopM": 796.0, "ChldPovE": 1537.0, "ChldPovM": 514.0, "BlkPopE": 11978.0, "BlkPopM": 1245.0, "HispPopE": 3249.0, "HispPopM": 858.0, "WhtPopE": 2196.0, "WhtPopM": 363.0, "AsnPopE": 51.0, "AsnPopM": 104.0, "GeoCat": "Zip Code" }, "geometry": { "type": "MultiPolygon", "coordinates": [ [ [ [ -96.800402, 32.771189 ], [ -96.796888, 32.773215 ], [ -96.795785, 32.77351 ], [ -96.788141, 32.775216 ], [ -96.786625, 32.775743 ], [ -96.784304, 32.776258 ], [ -96.782469, 32.775078 ], [ -96.780907, 32.774457 ], [ -96.778761, 32.772318 ], [ -96.778391, 32.772906 ], [ -96.777779, 32.773584 ], [ -96.776032, 32.776075 ], [ -96.77526, 32.775035 ], [ -96.770945, 32.778768 ], [ -96.769781, 32.778064 ], [ -96.767045, 32.775798 ], [ -96.762075, 32.771835 ], [ -96.761132, 32.771136 ], [ -96.759957, 32.770248 ], [ -96.757548, 32.768421 ], [ -96.755065, 32.767266 ], [ -96.754559, 32.767013 ], [ -96.752677, 32.766581 ], [ -96.750931, 32.766478 ], [ -96.750161, 32.765824 ], [ -96.747601, 32.763585 ], [ -96.747506, 32.762435 ], [ -96.745621, 32.761989 ], [ -96.745697, 32.76192 ], [ -96.7421, 32.758868 ], [ -96.741227, 32.758158 ], [ -96.740758, 32.757737 ], [ -96.738078, 32.755437 ], [ -96.728751, 32.747445 ], [ -96.729607, 32.745915 ], [ -96.727203, 32.745095 ], [ -96.730949, 32.745621 ], [ -96.730179, 32.742004 ], [ -96.730696, 32.741349 ], [ -96.728882, 32.739863 ], [ -96.729866, 32.738073 ], [ -96.730794, 32.738233 ], [ -96.730918, 32.736592 ], [ -96.72996, 32.736238 ], [ -96.730873, 32.733921 ], [ -96.732195, 32.732869 ], [ -96.73264, 32.730973 ], [ -96.734294, 32.730688 ], [ -96.734081, 32.72784 ], [ -96.736397, 32.72655 ], [ -96.734043, 32.723626 ], [ -96.735751, 32.724048 ], [ -96.740285, 32.723709 ], [ -96.746616, 32.723717 ], [ -96.748365, 32.725603 ], [ -96.750983, 32.726402 ], [ -96.753169, 32.728099 ], [ -96.754993, 32.728364 ], [ -96.758006, 32.72802 ], [ -96.758158, 32.727995 ], [ -96.758014, 32.735822 ], [ -96.758081, 32.73651 ], [ -96.768797, 32.746678 ], [ -96.766503, 32.739086 ], [ -96.770308, 32.741467 ], [ -96.771059, 32.743814 ], [ -96.773198, 32.745824 ], [ -96.776022, 32.7464 ], [ -96.775531, 32.747933 ], [ -96.777533, 32.749913 ], [ -96.779124, 32.749958 ], [ -96.782755, 32.752223 ], [ -96.785831, 32.751215 ], [ -96.786407, 32.751212 ], [ -96.787688, 32.751396 ], [ -96.791491, 32.753273 ], [ -96.788218, 32.759105 ], [ -96.787714, 32.759826 ], [ -96.792516, 32.76218 ], [ -96.796094, 32.764567 ], [ -96.797653, 32.765985 ], [ -96.800761, 32.769381 ], [ -96.800402, 32.771189 ] ] ] ] } },
{ "type": "Feature", "properties": { "GEOID": "75235", "NAME": "ZCTA5 75235", "TotPopE": 18875.0, "TotPopM": 1739.0, "TotPovE": 3949.0, "TotPovM": 1178.0, "ChldPopE": 3568.0, "ChldPopM": 809.0, "ChldPovE": 1033.0, "ChldPovM": 594.0, "BlkPopE": 2586.0, "BlkPopM": 583.0, "HispPopE": 9179.0, "HispPopM": 1675.0, "WhtPopE": 5346.0, "WhtPopM": 976.0, "AsnPopE": 1466.0, "AsnPopM": 448.0, "GeoCat": "Zip Code" }, "geometry": { "type": "MultiPolygon", "coordinates": [ [ [ [ -96.872352, 32.848354 ], [ -96.870379, 32.849762 ], [ -96.867617, 32.849977 ], [ -96.86624, 32.849277 ], [ -96.864933, 32.851498 ], [ -96.862736, 32.853678 ], [ -96.860368, 32.855063 ], [ -96.859194, 32.857148 ], [ -96.85639, 32.859592 ], [ -96.854465, 32.859972 ], [ -96.854108, 32.860089 ], [ -96.853551, 32.859758 ], [ -96.852107, 32.859468 ], [ -96.850604, 32.858822 ], [ -96.850207, 32.85855 ], [ -96.846883, 32.855691 ], [ -96.841151, 32.850735 ], [ -96.837099, 32.847243 ], [ -96.835539, 32.845892 ], [ -96.835108, 32.845444 ], [ -96.834749, 32.844852 ], [ -96.834491, 32.844118 ], [ -96.834488, 32.84053 ], [ -96.834109, 32.839246 ], [ -96.831639, 32.836627 ], [ -96.831556, 32.836524 ], [ -96.827578, 32.831221 ], [ -96.8264, 32.82996 ], [ -96.823006, 32.82703 ], [ -96.822798, 32.826853 ], [ -96.821646, 32.825825 ], [ -96.821754, 32.825738 ], [ -96.821094, 32.825148 ], [ -96.822448, 32.824024 ], [ -96.820685, 32.823192 ], [ -96.819731, 32.823954 ], [ -96.818639, 32.823012 ], [ -96.81799, 32.822453 ], [ -96.819404, 32.820469 ], [ -96.821505, 32.822255 ], [ -96.822382, 32.820679 ], [ -96.821485, 32.819741 ], [ -96.823897, 32.819178 ], [ -96.823525, 32.818378 ], [ -96.825008, 32.818161 ], [ -96.825529, 32.817808 ], [ -96.82659, 32.817416 ], [ -96.826069, 32.816827 ], [ -96.826879, 32.81646 ], [ -96.827438, 32.814959 ], [ -96.827931, 32.811619 ], [ -96.829259, 32.80923 ], [ -96.828664, 32.808524 ], [ -96.827323, 32.807237 ], [ -96.828903, 32.805805 ], [ -96.829905, 32.80615 ], [ -96.829943, 32.805675 ], [ -96.831667, 32.806157 ], [ -96.836977, 32.808141 ], [ -96.837295, 32.807926 ], [ -96.840371, 32.808981 ], [ -96.84582, 32.811456 ], [ -96.848772, 32.812341 ], [ -96.849496, 32.811071 ], [ -96.84966, 32.81113 ], [ -96.848869, 32.812365 ], [ -96.852417, 32.812958 ], [ -96.864426, 32.813279 ], [ -96.865007, 32.813673 ], [ -96.866058, 32.814681 ], [ -96.866211, 32.814921 ], [ -96.8668, 32.815573 ], [ -96.86314, 32.815554 ], [ -96.8593, 32.816704 ], [ -96.857671, 32.818022 ], [ -96.85649, 32.817188 ], [ -96.856119, 32.8173 ], [ -96.856223, 32.819308 ], [ -96.861168, 32.819353 ], [ -96.862063, 32.820428 ], [ -96.861679, 32.822271 ], [ -96.861931, 32.822274 ], [ -96.865342, 32.826434 ], [ -96.869618, 32.827736 ], [ -96.87131, 32.829133 ], [ -96.872767, 32.832583 ], [ -96.872746, 32.836726 ], [ -96.871437, 32.836972 ], [ -96.866099, 32.836965 ], [ -96.865474, 32.837289 ], [ -96.870358, 32.841479 ], [ -96.873104, 32.843867 ], [ -96.871722, 32.845478 ], [ -96.870083, 32.845886 ], [ -96.873903, 32.849005 ], [ -96.872352, 32.848354 ] ], [ [ -96.844353, 32.81271 ], [ -96.843061, 32.811847 ], [ -96.842268, 32.813013 ], [ -96.841099, 32.81344 ], [ -96.839475, 32.813587 ], [ -96.840317, 32.814275 ], [ -96.841139, 32.814878 ], [ -96.842505, 32.815984 ], [ -96.843542, 32.815284 ], [ -96.845547, 32.81443 ], [ -96.844353, 32.81271 ] ] ] ] } },
{ "type": "Feature", "properties": { "GEOID": "75237", "NAME": "ZCTA5 75237", "TotPopE": 18695.0, "TotPopM": 1500.0, "TotPovE": 5404.0, "TotPovM": 1050.0, "ChldPopE": 6214.0, "ChldPopM": 1005.0, "ChldPovE": 2366.0, "ChldPovM": 745.0, "BlkPopE": 14748.0, "BlkPopM": 1370.0, "HispPopE": 3117.0, "HispPopM": 849.0, "WhtPopE": 250.0, "WhtPopM": 117.0, "AsnPopE": 231.0, "AsnPopM": 188.0, "GeoCat": "Zip Code" }, "geometry": { "type": "MultiPolygon", "coordinates": [ [ [ [ -96.89154, 32.689552 ], [ -96.891389, 32.689569 ], [ -96.883736, 32.689285 ], [ -96.882691, 32.689777 ], [ -96.881759, 32.689563 ], [ -96.880843, 32.691263 ], [ -96.880713, 32.691249 ], [ -96.874011, 32.691268 ], [ -96.857138, 32.691234 ], [ -96.857114, 32.6828 ], [ -96.857158, 32.676549 ], [ -96.857184, 32.675413 ], [ -96.857162, 32.671745 ], [ -96.857188, 32.662214 ], [ -96.857173, 32.654823 ], [ -96.857129, 32.645956 ], [ -96.857161, 32.633069 ], [ -96.865684, 32.633083 ], [ -96.865569, 32.63597 ], [ -96.87441, 32.636035 ], [ -96.874241, 32.642893 ], [ -96.878458, 32.642901 ], [ -96.878437, 32.646502 ], [ -96.879911, 32.64652 ], [ -96.879912, 32.647483 ], [ -96.883976, 32.647509 ], [ -96.884473, 32.647512 ], [ -96.885366, 32.647509 ], [ -96.887465, 32.647454 ], [ -96.891275, 32.647498 ], [ -96.891392, 32.647499 ], [ -96.891415, 32.653216 ], [ -96.891415, 32.654093 ], [ -96.891413, 32.654727 ], [ -96.891426, 32.660185 ], [ -96.891414, 32.661913 ], [ -96.891417, 32.664237 ], [ -96.891257, 32.664219 ], [ -96.891261, 32.663232 ], [ -96.88865, 32.663257 ], [ -96.887066, 32.663856 ], [ -96.887153, 32.669381 ], [ -96.890374, 32.669352 ], [ -96.891219, 32.670387 ], [ -96.890379, 32.672291 ], [ -96.889204, 32.672587 ], [ -96.889222, 32.675583 ], [ -96.889752, 32.676494 ], [ -96.886422, 32.676688 ], [ -96.882834, 32.676701 ], [ -96.88284, 32.678431 ], [ -96.887513, 32.679052 ], [ -96.887154, 32.681179 ], [ -96.891362, 32.682461 ], [ -96.891547, 32.684466 ], [ -96.89154, 32.689552 ] ] ] ] } },
{ "type": "Feature", "properties": { "GEOID": "75241", "NAME": "ZCTA5 75241", "TotPopE": 29486.0, "TotPopM": 2140.0, "TotPovE": 8265.0, "TotPovM": 1488.0, "ChldPopE": 9229.0, "ChldPopM": 1097.0, "ChldPovE": 3053.0, "ChldPovM": 778.0, "BlkPopE": 20676.0, "BlkPopM": 1848.0, "HispPopE": 7258.0, "HispPopM": 1444.0, "WhtPopE": 810.0, "WhtPopM": 460.0, "AsnPopE": 139.0, "AsnPopM": 189.0, "GeoCat": "Zip Code" }, "geometry": { "type": "MultiPolygon", "coordinates": [ [ [ [ -96.823338, 32.647616 ], [ -96.823158, 32.64762 ], [ -96.823169, 32.654054 ], [ -96.822597, 32.658206 ], [ -96.821585, 32.659714 ], [ -96.818753, 32.660156 ], [ -96.818757, 32.661217 ], [ -96.822565, 32.661144 ], [ -96.8225, 32.662209 ], [ -96.821294, 32.662317 ], [ -96.821291, 32.663511 ], [ -96.822507, 32.663497 ], [ -96.822563, 32.665948 ], [ -96.821291, 32.665965 ], [ -96.821279, 32.668439 ], [ -96.822321, 32.668444 ], [ -96.822007, 32.673786 ], [ -96.822236, 32.678269 ], [ -96.821316, 32.678292 ], [ -96.821332, 32.680315 ], [ -96.822403, 32.68027 ], [ -96.82258, 32.683438 ], [ -96.821527, 32.685465 ], [ -96.820731, 32.686113 ], [ -96.817572, 32.684165 ], [ -96.816473, 32.683828 ], [ -96.814526, 32.683768 ], [ -96.811004, 32.683776 ], [ -96.808512, 32.683023 ], [ -96.807827, 32.679132 ], [ -96.805905, 32.679049 ], [ -96.805647, 32.681192 ], [ -96.805234, 32.682162 ], [ -96.793897, 32.685068 ], [ -96.792475, 32.682966 ], [ -96.791132, 32.683161 ], [ -96.792343, 32.685481 ], [ -96.7899, 32.686118 ], [ -96.789622, 32.686191 ], [ -96.788733, 32.684755 ], [ -96.783374, 32.687183 ], [ -96.779817, 32.688904 ], [ -96.780146, 32.69051 ], [ -96.775358, 32.692858 ], [ -96.774099, 32.692092 ], [ -96.771721, 32.693689 ], [ -96.771533, 32.691055 ], [ -96.76514, 32.693917 ], [ -96.765968, 32.696322 ], [ -96.760177, 32.698262 ], [ -96.758805, 32.696015 ], [ -96.754517, 32.698969 ], [ -96.755057, 32.700328 ], [ -96.752853, 32.701165 ], [ -96.753455, 32.702677 ], [ -96.75621, 32.712778 ], [ -96.754062, 32.71214 ], [ -96.753326, 32.712521 ], [ -96.755347, 32.715589 ], [ -96.751632, 32.717413 ], [ -96.751459, 32.717473 ], [ -96.744302, 32.705317 ], [ -96.743958, 32.704493 ], [ -96.743895, 32.704354 ], [ -96.733955, 32.68686 ], [ -96.720437, 32.693334 ], [ -96.714555, 32.694648 ], [ -96.713051, 32.696408 ], [ -96.70859, 32.698783 ], [ -96.704493, 32.699284 ], [ -96.703991, 32.701065 ], [ -96.703168, 32.701335 ], [ -96.701848, 32.699357 ], [ -96.700715, 32.698721 ], [ -96.697596, 32.699983 ], [ -96.696494, 32.699967 ], [ -96.694659, 32.697273 ], [ -96.691946, 32.697918 ], [ -96.69159, 32.696688 ], [ -96.691477, 32.695416 ], [ -96.691627, 32.69298 ], [ -96.689826, 32.681071 ], [ -96.693689, 32.680645 ], [ -96.695342, 32.677701 ], [ -96.695154, 32.67671 ], [ -96.694601, 32.675906 ], [ -96.693019, 32.674487 ], [ -96.696785, 32.673491 ], [ -96.69504, 32.671528 ], [ -96.691789, 32.66957 ], [ -96.71033, 32.660567 ], [ -96.710933, 32.661501 ], [ -96.716516, 32.658985 ], [ -96.717448, 32.660697 ], [ -96.713453, 32.66258 ], [ -96.712124, 32.663348 ], [ -96.713618, 32.665664 ], [ -96.719859, 32.662636 ], [ -96.721083, 32.66472 ], [ -96.722678, 32.663932 ], [ -96.726779, 32.661859 ], [ -96.730336, 32.66008 ], [ -96.729795, 32.659224 ], [ -96.729075, 32.658093 ], [ -96.728761, 32.657739 ], [ -96.727218, 32.655322 ], [ -96.726464, 32.654324 ], [ -96.726283, 32.654092 ], [ -96.726924, 32.653341 ], [ -96.731277, 32.65079 ], [ -96.729457, 32.648125 ], [ -96.733021, 32.646421 ], [ -96.73018, 32.642262 ], [ -96.733205, 32.640912 ], [ -96.733875, 32.64146 ], [ -96.73779, 32.641258 ], [ -96.740892, 32.641112 ], [ -96.749701, 32.6407 ], [ -96.749055, 32.638337 ], [ -96.748067, 32.636653 ], [ -96.748525, 32.634205 ], [ -96.74679, 32.631659 ], [ -96.74474, 32.632109 ], [ -96.744513, 32.626367 ], [ -96.746281, 32.625891 ], [ -96.746369, 32.618564 ], [ -96.753451, 32.618564 ], [ -96.765656, 32.618582 ], [ -96.767244, 32.621487 ], [ -96.7704, 32.627947 ], [ -96.773213, 32.634328 ], [ -96.775795, 32.63877 ], [ -96.777199, 32.638059 ], [ -96.7788, 32.640807 ], [ -96.784044, 32.63843 ], [ -96.788492, 32.644818 ], [ -96.788848, 32.645336 ], [ -96.790572, 32.647844 ], [ -96.797087, 32.648628 ], [ -96.802544, 32.649311 ], [ -96.805728, 32.647737 ], [ -96.805697, 32.643864 ], [ -96.805696, 32.642331 ], [ -96.814278, 32.642363 ], [ -96.823324, 32.642285 ], [ -96.823338, 32.647616 ] ] ] ] } },
{ "type": "Feature", "properties": { "GEOID": "75243", "NAME": "ZCTA5 75243", "TotPopE": 64878.0, "TotPopM": 2653.0, "TotPovE": 14069.0, "TotPovM": 1781.0, "ChldPopE": 15622.0, "ChldPopM": 1245.0, "ChldPovE": 5245.0, "ChldPovM": 1037.0, "BlkPopE": 29813.0, "BlkPopM": 2596.0, "HispPopE": 14266.0, "HispPopM": 1894.0, "WhtPopE": 14806.0, "WhtPopM": 1274.0, "AsnPopE": 4256.0, "AsnPopM": 827.0, "GeoCat": "Zip Code" }, "geometry": { "type": "MultiPolygon", "coordinates": [ [ [ [ -96.770687, 32.906483 ], [ -96.769387, 32.905543 ], [ -96.769032, 32.909195 ], [ -96.769032, 32.909347 ], [ -96.768972, 32.910708 ], [ -96.768789, 32.911781 ], [ -96.768985, 32.912094 ], [ -96.769319, 32.913552 ], [ -96.769118, 32.918121 ], [ -96.767397, 32.918076 ], [ -96.766551, 32.918293 ], [ -96.764339, 32.923762 ], [ -96.764269, 32.923874 ], [ -96.761846, 32.926914 ], [ -96.759964, 32.928759 ], [ -96.760006, 32.929221 ], [ -96.759999, 32.929478 ], [ -96.758444, 32.932744 ], [ -96.756702, 32.932193 ], [ -96.752754, 32.935108 ], [ -96.754264, 32.9364 ], [ -96.752115, 32.938124 ], [ -96.751937, 32.939974 ], [ -96.748136, 32.939974 ], [ -96.748076, 32.938314 ], [ -96.748131, 32.937607 ], [ -96.748166, 32.935405 ], [ -96.748368, 32.934223 ], [ -96.745596, 32.933922 ], [ -96.744333, 32.933917 ], [ -96.743265, 32.934765 ], [ -96.741229, 32.934732 ], [ -96.740427, 32.935964 ], [ -96.738715, 32.93622 ], [ -96.735329, 32.93522 ], [ -96.735372, 32.935108 ], [ -96.740312, 32.923283 ], [ -96.740406, 32.923074 ], [ -96.738795, 32.923107 ], [ -96.737641, 32.923211 ], [ -96.735939, 32.92387 ], [ -96.733994, 32.924929 ], [ -96.732498, 32.92533 ], [ -96.729406, 32.925385 ], [ -96.729382, 32.925561 ], [ -96.722845, 32.92546 ], [ -96.718147, 32.925432 ], [ -96.71815, 32.926477 ], [ -96.718138, 32.929332 ], [ -96.718125, 32.931291 ], [ -96.712981, 32.931238 ], [ -96.712188, 32.931251 ], [ -96.705904, 32.931232 ], [ -96.705849, 32.921613 ], [ -96.705879, 32.916708 ], [ -96.70588, 32.916604 ], [ -96.705765, 32.916601 ], [ -96.70039, 32.916562 ], [ -96.700508, 32.911134 ], [ -96.700542, 32.909165 ], [ -96.700544, 32.909025 ], [ -96.698235, 32.909011 ], [ -96.698234, 32.90888 ], [ -96.69784, 32.908886 ], [ -96.697977, 32.902268 ], [ -96.700605, 32.901439 ], [ -96.713715, 32.897427 ], [ -96.717887, 32.896138 ], [ -96.720929, 32.895072 ], [ -96.721868, 32.894548 ], [ -96.724448, 32.894588 ], [ -96.728503, 32.894568 ], [ -96.73012, 32.8945 ], [ -96.734284, 32.894343 ], [ -96.736763, 32.892992 ], [ -96.736812, 32.891253 ], [ -96.740917, 32.891211 ], [ -96.741011, 32.890346 ], [ -96.741605, 32.890338 ], [ -96.74137, 32.89175 ], [ -96.74073, 32.893122 ], [ -96.740882, 32.893166 ], [ -96.744385, 32.893906 ], [ -96.747254, 32.893949 ], [ -96.751517, 32.893307 ], [ -96.753412, 32.893662 ], [ -96.755005, 32.890821 ], [ -96.756688, 32.889043 ], [ -96.759069, 32.890478 ], [ -96.761767, 32.895417 ], [ -96.761455, 32.896492 ], [ -96.76339, 32.898631 ], [ -96.768668, 32.898704 ], [ -96.769197, 32.898713 ], [ -96.769158, 32.901775 ], [ -96.769448, 32.901733 ], [ -96.76942, 32.904128 ], [ -96.771802, 32.905925 ], [ -96.770687, 32.906483 ] ] ] ] } },
{ "type": "Feature", "properties": { "GEOID": "75252", "NAME": "ZCTA5 75252", "TotPopE": 27253.0, "TotPopM": 1066.0, "TotPovE": 4223.0, "TotPovM": 819.0, "ChldPopE": 4915.0, "ChldPopM": 843.0, "ChldPovE": 872.0, "ChldPovM": 470.0, "BlkPopE": 3393.0, "BlkPopM": 853.0, "HispPopE": 4016.0, "HispPopM": 954.0, "WhtPopE": 13358.0, "WhtPopM": 954.0, "AsnPopE": 5497.0, "AsnPopM": 914.0, "GeoCat": "Zip Code" }, "geometry": { "type": "MultiPolygon", "coordinates": [ [ [ [ -96.816247, 33.01243 ], [ -96.815766, 33.012804 ], [ -96.815144, 33.013329 ], [ -96.803329, 33.013379 ], [ -96.795472, 33.013149 ], [ -96.795274, 33.013129 ], [ -96.795295, 33.012341 ], [ -96.79001, 33.01155 ], [ -96.788468, 33.011021 ], [ -96.786052, 33.009759 ], [ -96.779811, 33.004849 ], [ -96.774776, 33.001755 ], [ -96.772403, 33.000693 ], [ -96.767882, 32.999598 ], [ -96.767729, 32.999581 ], [ -96.767736, 32.99931 ], [ -96.762436, 32.999118 ], [ -96.756743, 33.000152 ], [ -96.756459, 32.997481 ], [ -96.755095, 32.996918 ], [ -96.75644, 32.994799 ], [ -96.756464, 32.986298 ], [ -96.758384, 32.986324 ], [ -96.758384, 32.985593 ], [ -96.756461, 32.985554 ], [ -96.756634, 32.984336 ], [ -96.757388, 32.9829 ], [ -96.768216, 32.982891 ], [ -96.768252, 32.986164 ], [ -96.778223, 32.986304 ], [ -96.778675, 32.986588 ], [ -96.778675, 32.987938 ], [ -96.781781, 32.987937 ], [ -96.783841, 32.986657 ], [ -96.784005, 32.986659 ], [ -96.785628, 32.98668 ], [ -96.785841, 32.987903 ], [ -96.786964, 32.987932 ], [ -96.786998, 32.987535 ], [ -96.790219, 32.987502 ], [ -96.790677, 32.987882 ], [ -96.791881, 32.987215 ], [ -96.792213, 32.986769 ], [ -96.792367, 32.986771 ], [ -96.793793, 32.985545 ], [ -96.793774, 32.985432 ], [ -96.794615, 32.985233 ], [ -96.80133, 32.985197 ], [ -96.803245, 32.986912 ], [ -96.80343, 32.986914 ], [ -96.805206, 32.986937 ], [ -96.805471, 32.98504 ], [ -96.805655, 32.98411 ], [ -96.805658, 32.98372 ], [ -96.80613, 32.984017 ], [ -96.808891, 32.981951 ], [ -96.808444, 32.980116 ], [ -96.809264, 32.977595 ], [ -96.813641, 32.984477 ], [ -96.813355, 32.987041 ], [ -96.815642, 32.989137 ], [ -96.816002, 32.991221 ], [ -96.814918, 32.992359 ], [ -96.812547, 32.992781 ], [ -96.81362, 32.998151 ], [ -96.813655, 32.998286 ], [ -96.814916, 33.000915 ], [ -96.813828, 33.00302 ], [ -96.814354, 33.006858 ], [ -96.817194, 33.009403 ], [ -96.816247, 33.01243 ] ] ] ] } },
{ "type": "Feature", "properties": { "GEOID": "75253", "NAME": "ZCTA5 75253", "TotPopE": 24073.0, "TotPopM": 3179.0, "TotPovE": 6389.0, "TotPovM": 1819.0, "ChldPopE": 9141.0, "ChldPopM": 1556.0, "ChldPovE": 3047.0, "ChldPovM": 1156.0, "BlkPopE": 2572.0, "BlkPopM": 639.0, "HispPopE": 16890.0, "HispPopM": 3141.0, "WhtPopE": 4390.0, "WhtPopM": 857.0, "AsnPopE": 171.0, "AsnPopM": 155.0, "GeoCat": "Zip Code" }, "geometry": { "type": "MultiPolygon", "coordinates": [ [ [ [ -96.669714, 32.661028 ], [ -96.669059, 32.664153 ], [ -96.667065, 32.663175 ], [ -96.662734, 32.659665 ], [ -96.655665, 32.665452 ], [ -96.652446, 32.668475 ], [ -96.653062, 32.670373 ], [ -96.649185, 32.671116 ], [ -96.642183, 32.669168 ], [ -96.642221, 32.675236 ], [ -96.641076, 32.675457 ], [ -96.641105, 32.675962 ], [ -96.640186, 32.678269 ], [ -96.640092, 32.681469 ], [ -96.641218, 32.681898 ], [ -96.64121, 32.683127 ], [ -96.642544, 32.684967 ], [ -96.644343, 32.684517 ], [ -96.644311, 32.683176 ], [ -96.647337, 32.683194 ], [ -96.647412, 32.684507 ], [ -96.64527, 32.685049 ], [ -96.640062, 32.685105 ], [ -96.640108, 32.686428 ], [ -96.640129, 32.686726 ], [ -96.640094, 32.690029 ], [ -96.639918, 32.690472 ], [ -96.63744, 32.690472 ], [ -96.637116, 32.690478 ], [ -96.637976, 32.692693 ], [ -96.637531, 32.694094 ], [ -96.63253, 32.691321 ], [ -96.630463, 32.69043 ], [ -96.630423, 32.690431 ], [ -96.628421, 32.690447 ], [ -96.628414, 32.691713 ], [ -96.626376, 32.691669 ], [ -96.626398, 32.695366 ], [ -96.625283, 32.695344 ], [ -96.625283, 32.691647 ], [ -96.622917, 32.691658 ], [ -96.622879, 32.694437 ], [ -96.622165, 32.694445 ], [ -96.622163, 32.695019 ], [ -96.619816, 32.695177 ], [ -96.617636, 32.695138 ], [ -96.617643, 32.695195 ], [ -96.617618, 32.69652 ], [ -96.614331, 32.696488 ], [ -96.614176, 32.701266 ], [ -96.613379, 32.701272 ], [ -96.607698, 32.701802 ], [ -96.607695, 32.702127 ], [ -96.605178, 32.702375 ], [ -96.58644, 32.704186 ], [ -96.583329, 32.704427 ], [ -96.575821, 32.703978 ], [ -96.569355, 32.703564 ], [ -96.56916, 32.70355 ], [ -96.569724, 32.703082 ], [ -96.56643, 32.70288 ], [ -96.565536, 32.702061 ], [ -96.565562, 32.701207 ], [ -96.56342, 32.701229 ], [ -96.562622, 32.698153 ], [ -96.555516, 32.691876 ], [ -96.558512, 32.689058 ], [ -96.556618, 32.687452 ], [ -96.556085, 32.687002 ], [ -96.561249, 32.682672 ], [ -96.562594, 32.68128 ], [ -96.563091, 32.681053 ], [ -96.573885, 32.680303 ], [ -96.57469, 32.680943 ], [ -96.57594, 32.679938 ], [ -96.574625, 32.678683 ], [ -96.577445, 32.676462 ], [ -96.578959, 32.675172 ], [ -96.580721, 32.67596 ], [ -96.588175, 32.669909 ], [ -96.585061, 32.668225 ], [ -96.590784, 32.670415 ], [ -96.591838, 32.669178 ], [ -96.591772, 32.667642 ], [ -96.591162, 32.667417 ], [ -96.59378, 32.665214 ], [ -96.591666, 32.663338 ], [ -96.59459, 32.660955 ], [ -96.591978, 32.659678 ], [ -96.590223, 32.659518 ], [ -96.582137, 32.652357 ], [ -96.584786, 32.648479 ], [ -96.585535, 32.64767 ], [ -96.593878, 32.641022 ], [ -96.595715, 32.63951 ], [ -96.595894, 32.638607 ], [ -96.600847, 32.642882 ], [ -96.602347, 32.642086 ], [ -96.60856, 32.647164 ], [ -96.611668, 32.64928 ], [ -96.614025, 32.65072 ], [ -96.615224, 32.651401 ], [ -96.617213, 32.652532 ], [ -96.617241, 32.652779 ], [ -96.61833, 32.655744 ], [ -96.621835, 32.655129 ], [ -96.623464, 32.654826 ], [ -96.64546, 32.636566 ], [ -96.649047, 32.638578 ], [ -96.651298, 32.639226 ], [ -96.65226, 32.638714 ], [ -96.654576, 32.63657 ], [ -96.656934, 32.637464 ], [ -96.653142, 32.640725 ], [ -96.661377, 32.64399 ], [ -96.65662, 32.647772 ], [ -96.666752, 32.656388 ], [ -96.670692, 32.659234 ], [ -96.669714, 32.661028 ] ] ] ] } },
{ "type": "Feature", "properties": { "GEOID": "75238", "NAME": "ZCTA5 75238", "TotPopE": 31762.0, "TotPopM": 1785.0, "TotPovE": 2545.0, "TotPovM": 642.0, "ChldPopE": 8817.0, "ChldPopM": 909.0, "ChldPovE": 983.0, "ChldPovM": 352.0, "BlkPopE": 5609.0, "BlkPopM": 915.0, "HispPopE": 6990.0, "HispPopM": 892.0, "WhtPopE": 16776.0, "WhtPopM": 1320.0, "AsnPopE": 1634.0, "AsnPopM": 502.0, "GeoCat": "Zip Code" }, "geometry": { "type": "MultiPolygon", "coordinates": [ [ [ [ -96.733953, 32.863231 ], [ -96.733317, 32.868496 ], [ -96.73091, 32.873858 ], [ -96.730704, 32.878594 ], [ -96.730676, 32.878725 ], [ -96.730005, 32.88196 ], [ -96.731089, 32.886032 ], [ -96.730645, 32.888016 ], [ -96.729514, 32.889255 ], [ -96.726092, 32.891044 ], [ -96.721868, 32.894548 ], [ -96.720929, 32.895072 ], [ -96.717887, 32.896138 ], [ -96.713715, 32.897427 ], [ -96.700605, 32.901439 ], [ -96.697977, 32.902268 ], [ -96.691972, 32.904055 ], [ -96.69188, 32.894571 ], [ -96.693672, 32.894422 ], [ -96.693737, 32.88595 ], [ -96.69169, 32.885955 ], [ -96.690703, 32.885956 ], [ -96.683157, 32.885936 ], [ -96.68318, 32.878904 ], [ -96.68318, 32.878801 ], [ -96.687922, 32.878689 ], [ -96.688396, 32.878709 ], [ -96.686451, 32.877478 ], [ -96.683177, 32.874664 ], [ -96.67944, 32.872049 ], [ -96.676303, 32.870985 ], [ -96.677359, 32.870813 ], [ -96.677644, 32.869619 ], [ -96.674344, 32.868454 ], [ -96.674324, 32.865774 ], [ -96.676599, 32.865781 ], [ -96.676602, 32.864169 ], [ -96.678918, 32.864145 ], [ -96.678874, 32.865744 ], [ -96.68304, 32.866045 ], [ -96.683078, 32.864147 ], [ -96.683219, 32.864142 ], [ -96.687275, 32.864159 ], [ -96.68893, 32.86417 ], [ -96.691909, 32.864189 ], [ -96.692947, 32.864193 ], [ -96.699109, 32.864164 ], [ -96.700916, 32.861776 ], [ -96.700396, 32.857635 ], [ -96.701663, 32.861708 ], [ -96.700566, 32.863477 ], [ -96.707246, 32.86421 ], [ -96.710769, 32.864207 ], [ -96.712563, 32.864069 ], [ -96.713293, 32.863878 ], [ -96.718044, 32.861808 ], [ -96.725103, 32.858517 ], [ -96.728654, 32.856951 ], [ -96.731694, 32.85561 ], [ -96.732683, 32.855181 ], [ -96.734071, 32.861235 ], [ -96.733953, 32.863231 ] ] ] ] } },
{ "type": "Feature", "properties": { "GEOID": "75240", "NAME": "ZCTA5 75240", "TotPopE": 26295.0, "TotPopM": 1511.0, "TotPovE": 5200.0, "TotPovM": 1022.0, "ChldPopE": 7286.0, "ChldPopM": 655.0, "ChldPovE": 2024.0, "ChldPovM": 591.0, "BlkPopE": 4410.0, "BlkPopM": 947.0, "HispPopE": 15765.0, "HispPopM": 1314.0, "WhtPopE": 5301.0, "WhtPopM": 489.0, "AsnPopE": 522.0, "AsnPopM": 186.0, "GeoCat": "Zip Code" }, "geometry": { "type": "MultiPolygon", "coordinates": [ [ [ [ -96.82552, 32.939518 ], [ -96.822255, 32.939492 ], [ -96.822086, 32.939495 ], [ -96.821759, 32.939495 ], [ -96.821705, 32.93603 ], [ -96.818059, 32.936115 ], [ -96.818058, 32.939413 ], [ -96.817927, 32.939413 ], [ -96.814031, 32.939414 ], [ -96.813115, 32.939423 ], [ -96.812601, 32.936302 ], [ -96.811695, 32.936311 ], [ -96.809802, 32.936288 ], [ -96.809807, 32.935821 ], [ -96.80746, 32.935822 ], [ -96.807432, 32.938656 ], [ -96.803739, 32.938632 ], [ -96.798318, 32.938663 ], [ -96.795592, 32.939638 ], [ -96.795656, 32.938138 ], [ -96.793458, 32.937299 ], [ -96.79077, 32.937511 ], [ -96.789027, 32.936874 ], [ -96.788071, 32.939278 ], [ -96.786266, 32.939245 ], [ -96.786262, 32.939824 ], [ -96.782814, 32.940773 ], [ -96.778379, 32.939996 ], [ -96.778528, 32.939442 ], [ -96.774175, 32.939338 ], [ -96.7739, 32.937416 ], [ -96.770673, 32.939506 ], [ -96.770411, 32.939881 ], [ -96.768987, 32.939867 ], [ -96.766388, 32.939886 ], [ -96.763978, 32.939835 ], [ -96.761165, 32.939884 ], [ -96.760603, 32.939949 ], [ -96.759437, 32.939985 ], [ -96.757402, 32.939979 ], [ -96.756558, 32.939972 ], [ -96.751937, 32.939974 ], [ -96.752115, 32.938124 ], [ -96.754264, 32.9364 ], [ -96.752754, 32.935108 ], [ -96.756702, 32.932193 ], [ -96.758444, 32.932744 ], [ -96.759999, 32.929478 ], [ -96.760006, 32.929221 ], [ -96.759964, 32.928759 ], [ -96.761846, 32.926914 ], [ -96.764269, 32.923874 ], [ -96.769313, 32.923978 ], [ -96.769301, 32.924423 ], [ -96.769126, 32.926932 ], [ -96.77171, 32.927926 ], [ -96.772345, 32.924734 ], [ -96.781693, 32.924719 ], [ -96.781479, 32.924371 ], [ -96.786314, 32.924869 ], [ -96.786307, 32.924658 ], [ -96.786305, 32.924261 ], [ -96.797231, 32.924153 ], [ -96.797251, 32.922536 ], [ -96.803552, 32.922545 ], [ -96.803569, 32.924228 ], [ -96.803578, 32.924999 ], [ -96.807116, 32.925491 ], [ -96.811145, 32.925503 ], [ -96.811233, 32.924469 ], [ -96.81503, 32.924484 ], [ -96.815044, 32.922232 ], [ -96.818638, 32.921481 ], [ -96.818827, 32.921478 ], [ -96.819434, 32.923077 ], [ -96.820633, 32.925694 ], [ -96.820753, 32.926067 ], [ -96.820802, 32.92622 ], [ -96.821217, 32.927525 ], [ -96.821304, 32.928129 ], [ -96.821335, 32.928596 ], [ -96.821328, 32.929103 ], [ -96.822069, 32.931204 ], [ -96.822509, 32.932923 ], [ -96.823126, 32.932963 ], [ -96.823272, 32.933774 ], [ -96.82552, 32.939518 ] ] ] ] } },
{ "type": "Feature", "properties": { "GEOID": "75204", "NAME": "ZCTA5 75204", "TotPopE": 31720.0, "TotPopM": 1795.0, "TotPovE": 3931.0, "TotPovM": 748.0, "ChldPopE": 2888.0, "ChldPopM": 698.0, "ChldPovE": 790.0, "ChldPovM": 384.0, "BlkPopE": 4185.0, "BlkPopM": 596.0, "HispPopE": 7008.0, "HispPopM": 1378.0, "WhtPopE": 17328.0, "WhtPopM": 1172.0, "AsnPopE": 2101.0, "AsnPopM": 499.0, "GeoCat": "Zip Code" }, "geometry": { "type": "MultiPolygon", "coordinates": [ [ [ [ -96.80532, 32.799419 ], [ -96.803837, 32.800382 ], [ -96.804824, 32.801191 ], [ -96.804421, 32.801518 ], [ -96.805265, 32.802305 ], [ -96.804296, 32.803027 ], [ -96.803227, 32.804691 ], [ -96.802237, 32.806645 ], [ -96.801418, 32.808472 ], [ -96.800259, 32.810657 ], [ -96.799209, 32.811718 ], [ -96.799585, 32.812023 ], [ -96.798379, 32.813122 ], [ -96.798337, 32.81505 ], [ -96.799965, 32.818816 ], [ -96.799987, 32.81897 ], [ -96.799431, 32.818944 ], [ -96.799205, 32.818945 ], [ -96.798732, 32.819382 ], [ -96.796558, 32.818868 ], [ -96.795329, 32.817807 ], [ -96.795399, 32.817678 ], [ -96.792491, 32.816552 ], [ -96.78961, 32.81559 ], [ -96.789068, 32.815438 ], [ -96.787065, 32.815118 ], [ -96.78683, 32.815143 ], [ -96.786457, 32.814977 ], [ -96.782168, 32.811242 ], [ -96.782121, 32.811203 ], [ -96.781918, 32.811029 ], [ -96.781313, 32.81139 ], [ -96.778752, 32.809182 ], [ -96.779295, 32.80876 ], [ -96.778471, 32.808072 ], [ -96.778011, 32.808465 ], [ -96.776298, 32.806968 ], [ -96.776447, 32.806833 ], [ -96.776335, 32.806714 ], [ -96.776617, 32.806457 ], [ -96.7763, 32.806176 ], [ -96.773552, 32.803789 ], [ -96.772361, 32.802732 ], [ -96.771553, 32.802084 ], [ -96.771472, 32.802016 ], [ -96.769311, 32.800134 ], [ -96.769516, 32.799954 ], [ -96.769931, 32.800318 ], [ -96.770417, 32.800282 ], [ -96.770799, 32.800345 ], [ -96.77124, 32.799958 ], [ -96.770865, 32.799607 ], [ -96.773071, 32.797714 ], [ -96.772692, 32.797376 ], [ -96.77522, 32.795299 ], [ -96.776875, 32.793913 ], [ -96.778703, 32.792386 ], [ -96.780011, 32.792617 ], [ -96.782866, 32.790248 ], [ -96.782507, 32.789892 ], [ -96.785384, 32.787824 ], [ -96.784951, 32.787377 ], [ -96.785781, 32.786904 ], [ -96.787867, 32.785395 ], [ -96.788166, 32.785235 ], [ -96.788822, 32.785781 ], [ -96.789585, 32.785183 ], [ -96.789509, 32.784568 ], [ -96.790999, 32.784067 ], [ -96.792169, 32.785699 ], [ -96.792356, 32.788131 ], [ -96.792756, 32.79238 ], [ -96.793098, 32.795493 ], [ -96.793174, 32.798872 ], [ -96.793466, 32.799136 ], [ -96.793408, 32.797697 ], [ -96.793494, 32.797277 ], [ -96.794598, 32.795219 ], [ -96.797794, 32.793055 ], [ -96.799624, 32.794494 ], [ -96.801741, 32.796329 ], [ -96.802147, 32.797826 ], [ -96.803488, 32.798194 ], [ -96.80492, 32.799118 ], [ -96.80532, 32.799419 ] ] ] ] } },
{ "type": "Feature", "properties": { "GEOID": "75212", "NAME": "ZCTA5 75212", "TotPopE": 26400.0, "TotPopM": 2450.0, "TotPovE": 6308.0, "TotPovM": 1281.0, "ChldPopE": 8025.0, "ChldPopM": 1536.0, "ChldPovE": 2267.0, "ChldPovM": 707.0, "BlkPopE": 6987.0, "BlkPopM": 778.0, "HispPopE": 17371.0, "HispPopM": 2231.0, "WhtPopE": 1219.0, "WhtPopM": 408.0, "AsnPopE": 723.0, "AsnPopM": 417.0, "GeoCat": "Zip Code" }, "geometry": { "type": "MultiPolygon", "coordinates": [ [ [ [ -96.927378, 32.76702 ], [ -96.926119, 32.768665 ], [ -96.926704, 32.771206 ], [ -96.926095, 32.777524 ], [ -96.926416, 32.778694 ], [ -96.926241, 32.781405 ], [ -96.926077, 32.782076 ], [ -96.925101, 32.782682 ], [ -96.918902, 32.785719 ], [ -96.918661, 32.784675 ], [ -96.915381, 32.784255 ], [ -96.914032, 32.784433 ], [ -96.9125, 32.785705 ], [ -96.910553, 32.790655 ], [ -96.910391, 32.792268 ], [ -96.907156, 32.797262 ], [ -96.904861, 32.798071 ], [ -96.898522, 32.798192 ], [ -96.883922, 32.798118 ], [ -96.883318, 32.79811 ], [ -96.882147, 32.798009 ], [ -96.873922, 32.797969 ], [ -96.854805, 32.798026 ], [ -96.852655, 32.797916 ], [ -96.851216, 32.797645 ], [ -96.848132, 32.796386 ], [ -96.843424, 32.793633 ], [ -96.835093, 32.78965 ], [ -96.828679, 32.786691 ], [ -96.826545, 32.785451 ], [ -96.824711, 32.783499 ], [ -96.822425, 32.779989 ], [ -96.825742, 32.778821 ], [ -96.824395, 32.776998 ], [ -96.835701, 32.774609 ], [ -96.841139, 32.773591 ], [ -96.847934, 32.773878 ], [ -96.856567, 32.775081 ], [ -96.856677, 32.766442 ], [ -96.859332, 32.767058 ], [ -96.87384, 32.76755 ], [ -96.880822, 32.767726 ], [ -96.887145, 32.767952 ], [ -96.888547, 32.767877 ], [ -96.895844, 32.766786 ], [ -96.90233, 32.766614 ], [ -96.914396, 32.766454 ], [ -96.914633, 32.766453 ], [ -96.917657, 32.766428 ], [ -96.927327, 32.765634 ], [ -96.927377, 32.765629 ], [ -96.926976, 32.766634 ], [ -96.927378, 32.76702 ] ] ] ] } },
{ "type": "Feature", "properties": { "GEOID": "75207", "NAME": "ZCTA5 75207", "TotPopE": 2828.0, "TotPopM": 302.0, "TotPovE": 295.0, "TotPovM": 159.0, "ChldPopE": 58.0, "ChldPopM": 73.0, "ChldPovE": 0.0, "ChldPovM": 20.0, "BlkPopE": 505.0, "BlkPopM": 238.0, "HispPopE": 341.0, "HispPopM": 162.0, "WhtPopE": 1626.0, "WhtPopM": 243.0, "AsnPopE": 222.0, "AsnPopM": 113.0, "GeoCat": "Zip Code" }, "geometry": { "type": "MultiPolygon", "coordinates": [ [ [ [ -96.8536, 32.802325 ], [ -96.852374, 32.806289 ], [ -96.849496, 32.811071 ], [ -96.848772, 32.812341 ], [ -96.84582, 32.811456 ], [ -96.840371, 32.808981 ], [ -96.837295, 32.807926 ], [ -96.836977, 32.808141 ], [ -96.831667, 32.806157 ], [ -96.829943, 32.805675 ], [ -96.822015, 32.804183 ], [ -96.820264, 32.803537 ], [ -96.819319, 32.802728 ], [ -96.817461, 32.80022 ], [ -96.817233, 32.800528 ], [ -96.816728, 32.799908 ], [ -96.815612, 32.798788 ], [ -96.815467, 32.797412 ], [ -96.813726, 32.793836 ], [ -96.810746, 32.784185 ], [ -96.81024, 32.782648 ], [ -96.811424, 32.782411 ], [ -96.811653, 32.781157 ], [ -96.811315, 32.777649 ], [ -96.810401, 32.778337 ], [ -96.809382, 32.778506 ], [ -96.808583, 32.77727 ], [ -96.80785, 32.774676 ], [ -96.806288, 32.773193 ], [ -96.807643, 32.771469 ], [ -96.805419, 32.772002 ], [ -96.802037, 32.770094 ], [ -96.801875, 32.769965 ], [ -96.802029, 32.768042 ], [ -96.800761, 32.769381 ], [ -96.797653, 32.765985 ], [ -96.796094, 32.764567 ], [ -96.792516, 32.76218 ], [ -96.787714, 32.759826 ], [ -96.788218, 32.759105 ], [ -96.791491, 32.753273 ], [ -96.79587, 32.755871 ], [ -96.798071, 32.756984 ], [ -96.804033, 32.761587 ], [ -96.806479, 32.762944 ], [ -96.807124, 32.76331 ], [ -96.81252, 32.765287 ], [ -96.81546, 32.766939 ], [ -96.817685, 32.770207 ], [ -96.822425, 32.779989 ], [ -96.824711, 32.783499 ], [ -96.826545, 32.785451 ], [ -96.828679, 32.786691 ], [ -96.835093, 32.78965 ], [ -96.834447, 32.79345 ], [ -96.848298, 32.800578 ], [ -96.850529, 32.801535 ], [ -96.853144, 32.802287 ], [ -96.8536, 32.802325 ] ] ] ] } },
{ "type": "Feature", "properties": { "GEOID": "75203", "NAME": "ZCTA5 75203", "TotPopE": 16423.0, "TotPopM": 2087.0, "TotPovE": 5302.0, "TotPovM": 1886.0, "ChldPopE": 4378.0, "ChldPopM": 1260.0, "ChldPovE": 2335.0, "ChldPovM": 1257.0, "BlkPopE": 5665.0, "BlkPopM": 1076.0, "HispPopE": 9003.0, "HispPopM": 1886.0, "WhtPopE": 1479.0, "WhtPopM": 319.0, "AsnPopE": 177.0, "AsnPopM": 169.0, "GeoCat": "Zip Code" }, "geometry": { "type": "MultiPolygon", "coordinates": [ [ [ [ -96.825309, 32.759189 ], [ -96.822924, 32.758893 ], [ -96.822888, 32.764021 ], [ -96.822843, 32.766985 ], [ -96.819822, 32.766039 ], [ -96.819817, 32.764142 ], [ -96.817493, 32.76278 ], [ -96.815345, 32.762724 ], [ -96.815335, 32.762271 ], [ -96.81465, 32.762656 ], [ -96.81252, 32.765287 ], [ -96.807124, 32.76331 ], [ -96.806479, 32.762944 ], [ -96.804033, 32.761587 ], [ -96.798071, 32.756984 ], [ -96.79587, 32.755871 ], [ -96.791491, 32.753273 ], [ -96.787688, 32.751396 ], [ -96.786407, 32.751212 ], [ -96.785831, 32.751215 ], [ -96.782755, 32.752223 ], [ -96.779124, 32.749958 ], [ -96.777533, 32.749913 ], [ -96.780717, 32.743003 ], [ -96.781065, 32.740105 ], [ -96.780644, 32.738144 ], [ -96.778256, 32.732853 ], [ -96.785392, 32.729428 ], [ -96.790343, 32.727043 ], [ -96.788085, 32.725743 ], [ -96.787031, 32.722431 ], [ -96.792014, 32.720354 ], [ -96.790374, 32.719265 ], [ -96.792503, 32.719861 ], [ -96.796009, 32.719445 ], [ -96.796149, 32.719676 ], [ -96.80054, 32.721815 ], [ -96.801253, 32.721114 ], [ -96.802543, 32.720138 ], [ -96.802774, 32.720143 ], [ -96.803727, 32.720159 ], [ -96.802266, 32.72381 ], [ -96.799512, 32.726263 ], [ -96.799767, 32.726929 ], [ -96.799496, 32.728561 ], [ -96.798975, 32.728771 ], [ -96.799828, 32.730745 ], [ -96.800131, 32.733257 ], [ -96.798622, 32.739061 ], [ -96.798996, 32.7391 ], [ -96.799454, 32.739132 ], [ -96.799691, 32.738613 ], [ -96.802423, 32.738601 ], [ -96.802323, 32.739127 ], [ -96.805423, 32.739116 ], [ -96.810372, 32.739134 ], [ -96.810329, 32.73867 ], [ -96.811618, 32.737786 ], [ -96.811983, 32.739113 ], [ -96.812282, 32.739772 ], [ -96.812478, 32.741093 ], [ -96.813633, 32.740122 ], [ -96.822205, 32.733209 ], [ -96.822704, 32.733015 ], [ -96.824337, 32.732815 ], [ -96.823862, 32.734453 ], [ -96.824141, 32.734453 ], [ -96.824469, 32.734456 ], [ -96.824501, 32.743128 ], [ -96.824502, 32.746359 ], [ -96.822817, 32.746319 ], [ -96.822882, 32.749415 ], [ -96.82288, 32.750684 ], [ -96.824006, 32.752239 ], [ -96.823995, 32.754478 ], [ -96.82289, 32.754633 ], [ -96.822934, 32.756332 ], [ -96.822911, 32.757793 ], [ -96.824564, 32.758014 ], [ -96.825309, 32.759189 ] ] ] ] } },
{ "type": "Feature", "properties": { "GEOID": "75209", "NAME": "ZCTA5 75209", "TotPopE": 14136.0, "TotPopM": 1142.0, "TotPovE": 841.0, "TotPovM": 533.0, "ChldPopE": 2454.0, "ChldPopM": 510.0, "ChldPovE": 159.0, "ChldPovM": 184.0, "BlkPopE": 1729.0, "BlkPopM": 622.0, "HispPopE": 2102.0, "HispPopM": 527.0, "WhtPopE": 9649.0, "WhtPopM": 1070.0, "AsnPopE": 289.0, "AsnPopM": 290.0, "GeoCat": "Zip Code" }, "geometry": { "type": "MultiPolygon", "coordinates": [ [ [ [ -96.853551, 32.859758 ], [ -96.848916, 32.860013 ], [ -96.845067, 32.859142 ], [ -96.842623, 32.860425 ], [ -96.840131, 32.859508 ], [ -96.836958, 32.860362 ], [ -96.835931, 32.862296 ], [ -96.836369, 32.86383 ], [ -96.834427, 32.863597 ], [ -96.83465, 32.862356 ], [ -96.833406, 32.862136 ], [ -96.832138, 32.861255 ], [ -96.831321, 32.861231 ], [ -96.830563, 32.861791 ], [ -96.830107, 32.862632 ], [ -96.830048, 32.863513 ], [ -96.829069, 32.863848 ], [ -96.829147, 32.863953 ], [ -96.82502, 32.866784 ], [ -96.822183, 32.866562 ], [ -96.822084, 32.866525 ], [ -96.820407, 32.865651 ], [ -96.816881, 32.865537 ], [ -96.81153, 32.865501 ], [ -96.811347, 32.865498 ], [ -96.812324, 32.857922 ], [ -96.813168, 32.851174 ], [ -96.813667, 32.846884 ], [ -96.813831, 32.845356 ], [ -96.814879, 32.836627 ], [ -96.816106, 32.826765 ], [ -96.816876, 32.821788 ], [ -96.816889, 32.821696 ], [ -96.816909, 32.821523 ], [ -96.81799, 32.822453 ], [ -96.818639, 32.823012 ], [ -96.819731, 32.823954 ], [ -96.820685, 32.823192 ], [ -96.822448, 32.824024 ], [ -96.821094, 32.825148 ], [ -96.821754, 32.825738 ], [ -96.821646, 32.825825 ], [ -96.822798, 32.826853 ], [ -96.823006, 32.82703 ], [ -96.8264, 32.82996 ], [ -96.827578, 32.831221 ], [ -96.831556, 32.836524 ], [ -96.831639, 32.836627 ], [ -96.834109, 32.839246 ], [ -96.834488, 32.84053 ], [ -96.834491, 32.844118 ], [ -96.834749, 32.844852 ], [ -96.835108, 32.845444 ], [ -96.835539, 32.845892 ], [ -96.837099, 32.847243 ], [ -96.841151, 32.850735 ], [ -96.846883, 32.855691 ], [ -96.850207, 32.85855 ], [ -96.850604, 32.858822 ], [ -96.852107, 32.859468 ], [ -96.853551, 32.859758 ] ] ] ] } },
{ "type": "Feature", "properties": { "GEOID": "75210", "NAME": "ZCTA5 75210", "TotPopE": 9270.0, "TotPopM": 1833.0, "TotPovE": 2162.0, "TotPovM": 841.0, "ChldPopE": 3477.0, "ChldPopM": 1157.0, "ChldPovE": 902.0, "ChldPovM": 548.0, "BlkPopE": 4632.0, "BlkPopM": 974.0, "HispPopE": 4317.0, "HispPopM": 1708.0, "WhtPopE": 149.0, "WhtPopM": 140.0, "AsnPopE": 117.0, "AsnPopM": 174.0, "GeoCat": "Zip Code" }, "geometry": { "type": "MultiPolygon", "coordinates": [ [ [ [ -96.769665, 32.778318 ], [ -96.768078, 32.77817 ], [ -96.769093, 32.779936 ], [ -96.76847, 32.781713 ], [ -96.766738, 32.78127 ], [ -96.765535, 32.783786 ], [ -96.765309, 32.783723 ], [ -96.759428, 32.782138 ], [ -96.754889, 32.78118 ], [ -96.748515, 32.780028 ], [ -96.737755, 32.778386 ], [ -96.73489, 32.777794 ], [ -96.734201, 32.777715 ], [ -96.730612, 32.777572 ], [ -96.728461, 32.777797 ], [ -96.728917, 32.775548 ], [ -96.72938, 32.769755 ], [ -96.730955, 32.766247 ], [ -96.73096, 32.76601 ], [ -96.729668, 32.764569 ], [ -96.729766, 32.763644 ], [ -96.732793, 32.760337 ], [ -96.732021, 32.758838 ], [ -96.734188, 32.756845 ], [ -96.735527, 32.757127 ], [ -96.736414, 32.755433 ], [ -96.738078, 32.755437 ], [ -96.740758, 32.757737 ], [ -96.741227, 32.758158 ], [ -96.7421, 32.758868 ], [ -96.745697, 32.76192 ], [ -96.745621, 32.761989 ], [ -96.747506, 32.762435 ], [ -96.747601, 32.763585 ], [ -96.750161, 32.765824 ], [ -96.750931, 32.766478 ], [ -96.752677, 32.766581 ], [ -96.754559, 32.767013 ], [ -96.755065, 32.767266 ], [ -96.757548, 32.768421 ], [ -96.759957, 32.770248 ], [ -96.761132, 32.771136 ], [ -96.762075, 32.771835 ], [ -96.767045, 32.775798 ], [ -96.769781, 32.778064 ], [ -96.769665, 32.778318 ] ] ] ] } },
{ "type": "Feature", "properties": { "GEOID": "75229", "NAME": "ZCTA5 75229", "TotPopE": 32854.0, "TotPopM": 1845.0, "TotPovE": 2842.0, "TotPovM": 922.0, "ChldPopE": 8634.0, "ChldPopM": 747.0, "ChldPovE": 1072.0, "ChldPovM": 577.0, "BlkPopE": 726.0, "BlkPopM": 285.0, "HispPopE": 11855.0, "HispPopM": 1227.0, "WhtPopE": 18191.0, "WhtPopM": 1378.0, "AsnPopE": 1445.0, "AsnPopM": 379.0, "GeoCat": "Zip Code" }, "geometry": { "type": "MultiPolygon", "coordinates": [ [ [ [ -96.930221, 32.886803 ], [ -96.929939, 32.887772 ], [ -96.93081, 32.890681 ], [ -96.927653, 32.891215 ], [ -96.926946, 32.892342 ], [ -96.927229, 32.893569 ], [ -96.928124, 32.894698 ], [ -96.928376, 32.895688 ], [ -96.928373, 32.89604 ], [ -96.928452, 32.896043 ], [ -96.928068, 32.899545 ], [ -96.927307, 32.900104 ], [ -96.927448, 32.900551 ], [ -96.92753, 32.901287 ], [ -96.9268, 32.902628 ], [ -96.926608, 32.903054 ], [ -96.926655, 32.903603 ], [ -96.927099, 32.904546 ], [ -96.927566, 32.905114 ], [ -96.928126843284304, 32.905507362738497 ], [ -96.927714, 32.905329 ], [ -96.926316, 32.903761 ], [ -96.924845, 32.901244 ], [ -96.922695, 32.90074 ], [ -96.920899, 32.904075 ], [ -96.919352, 32.905136 ], [ -96.918633, 32.903942 ], [ -96.918753, 32.895636 ], [ -96.912789, 32.895708 ], [ -96.911491, 32.895688 ], [ -96.910693, 32.899741 ], [ -96.909259, 32.90661 ], [ -96.904542, 32.906695 ], [ -96.904286, 32.903851 ], [ -96.902396, 32.904055 ], [ -96.902401, 32.905913 ], [ -96.899644, 32.905928 ], [ -96.899732, 32.908057 ], [ -96.898114, 32.908161 ], [ -96.892207, 32.908842 ], [ -96.89185, 32.907715 ], [ -96.889528, 32.908779 ], [ -96.882531, 32.909403 ], [ -96.88162, 32.909436 ], [ -96.88079, 32.908231 ], [ -96.872887, 32.908289 ], [ -96.872404, 32.908712 ], [ -96.872421, 32.906826 ], [ -96.872261, 32.906826 ], [ -96.869935, 32.907587 ], [ -96.863999, 32.907674 ], [ -96.864, 32.908056 ], [ -96.856207, 32.908012 ], [ -96.85616, 32.909652 ], [ -96.846891, 32.909654 ], [ -96.84632, 32.909666 ], [ -96.843359, 32.90963 ], [ -96.838331, 32.909621 ], [ -96.830852, 32.909636 ], [ -96.829632, 32.909627 ], [ -96.819487, 32.909611 ], [ -96.818365, 32.909615 ], [ -96.818365, 32.908324 ], [ -96.81487, 32.908313 ], [ -96.815049, 32.909591 ], [ -96.814644, 32.909585 ], [ -96.814485, 32.90958 ], [ -96.809257, 32.894923 ], [ -96.808512, 32.891492 ], [ -96.808768, 32.886586 ], [ -96.809561, 32.880177 ], [ -96.809727, 32.880177 ], [ -96.809741, 32.880062 ], [ -96.818181, 32.880043 ], [ -96.820983, 32.877981 ], [ -96.821126, 32.880119 ], [ -96.830166, 32.880117 ], [ -96.830765, 32.879322 ], [ -96.838403, 32.879726 ], [ -96.838529, 32.880201 ], [ -96.841587, 32.880281 ], [ -96.846324, 32.879758 ], [ -96.846327, 32.880299 ], [ -96.853092, 32.880291 ], [ -96.853092, 32.879893 ], [ -96.854726, 32.87987 ], [ -96.854726, 32.878978 ], [ -96.856113, 32.878975 ], [ -96.856137, 32.880381 ], [ -96.856275, 32.880428 ], [ -96.856828, 32.880547 ], [ -96.859331, 32.880626 ], [ -96.865705, 32.880792 ], [ -96.865843, 32.880789 ], [ -96.868646, 32.880392 ], [ -96.876413, 32.880909 ], [ -96.877001, 32.880909 ], [ -96.877113, 32.880912 ], [ -96.878271, 32.880921 ], [ -96.879571, 32.879828 ], [ -96.883234, 32.879866 ], [ -96.883566, 32.880934 ], [ -96.883629, 32.881138 ], [ -96.885468, 32.881245 ], [ -96.898146, 32.881152 ], [ -96.898143, 32.881014 ], [ -96.902928, 32.881055 ], [ -96.903728, 32.878 ], [ -96.90454, 32.876821 ], [ -96.909369, 32.876572 ], [ -96.90944, 32.87389 ], [ -96.913523, 32.873972 ], [ -96.913845, 32.875369 ], [ -96.915881, 32.874026 ], [ -96.913439, 32.886099 ], [ -96.917637, 32.886279 ], [ -96.917568, 32.888624 ], [ -96.918757, 32.88862 ], [ -96.918817, 32.886018 ], [ -96.93114, 32.886088 ], [ -96.930221, 32.886803 ] ] ], [ [ [ -96.931813, 32.907334 ], [ -96.931122, 32.908838 ], [ -96.931364, 32.90777 ], [ -96.931272, 32.907266 ], [ -96.93023, 32.906416 ], [ -96.928126843284304, 32.905507362738497 ], [ -96.929015, 32.90584 ], [ -96.929949, 32.905997 ], [ -96.931514, 32.9069 ], [ -96.931813, 32.907334 ] ] ] ] } },
{ "type": "Feature", "properties": { "GEOID": "75231", "NAME": "ZCTA5 75231", "TotPopE": 38485.0, "TotPopM": 2341.0, "TotPovE": 8082.0, "TotPovM": 1779.0, "ChldPopE": 9439.0, "ChldPopM": 1251.0, "ChldPovE": 3317.0, "ChldPovM": 1081.0, "BlkPopE": 10088.0, "BlkPopM": 1553.0, "HispPopE": 12484.0, "HispPopM": 1978.0, "WhtPopE": 10834.0, "WhtPopM": 573.0, "AsnPopE": 4038.0, "AsnPopM": 991.0, "GeoCat": "Zip Code" }, "geometry": { "type": "MultiPolygon", "coordinates": [ [ [ [ -96.772628, 32.876939 ], [ -96.770708, 32.877474 ], [ -96.77071, 32.879721 ], [ -96.770713, 32.88015 ], [ -96.770249, 32.88015 ], [ -96.770186, 32.886532 ], [ -96.770045, 32.887735 ], [ -96.770285, 32.887769 ], [ -96.769912, 32.890306 ], [ -96.769543, 32.894215 ], [ -96.770851, 32.896237 ], [ -96.769489, 32.896372 ], [ -96.769359, 32.89637 ], [ -96.76924, 32.896368 ], [ -96.769197, 32.898713 ], [ -96.768668, 32.898704 ], [ -96.76339, 32.898631 ], [ -96.761455, 32.896492 ], [ -96.761767, 32.895417 ], [ -96.759069, 32.890478 ], [ -96.756688, 32.889043 ], [ -96.755005, 32.890821 ], [ -96.753412, 32.893662 ], [ -96.751517, 32.893307 ], [ -96.747254, 32.893949 ], [ -96.744385, 32.893906 ], [ -96.740882, 32.893166 ], [ -96.74073, 32.893122 ], [ -96.74137, 32.89175 ], [ -96.741605, 32.890338 ], [ -96.741011, 32.890346 ], [ -96.740917, 32.891211 ], [ -96.736812, 32.891253 ], [ -96.736763, 32.892992 ], [ -96.734284, 32.894343 ], [ -96.73012, 32.8945 ], [ -96.728503, 32.894568 ], [ -96.724448, 32.894588 ], [ -96.721868, 32.894548 ], [ -96.726092, 32.891044 ], [ -96.729514, 32.889255 ], [ -96.730645, 32.888016 ], [ -96.731089, 32.886032 ], [ -96.730005, 32.88196 ], [ -96.730676, 32.878725 ], [ -96.730704, 32.878594 ], [ -96.73091, 32.873858 ], [ -96.733317, 32.868496 ], [ -96.733953, 32.863231 ], [ -96.734071, 32.861235 ], [ -96.732683, 32.855181 ], [ -96.733163, 32.854999 ], [ -96.732654, 32.854996 ], [ -96.732831, 32.853009 ], [ -96.733765, 32.851753 ], [ -96.733388, 32.854719 ], [ -96.735635, 32.854106 ], [ -96.736707, 32.854185 ], [ -96.741051, 32.855009 ], [ -96.743212, 32.852876 ], [ -96.744426, 32.855642 ], [ -96.74599, 32.855933 ], [ -96.745686, 32.855115 ], [ -96.747117, 32.855477 ], [ -96.748498, 32.854458 ], [ -96.749738, 32.856793 ], [ -96.749607, 32.856904 ], [ -96.751161, 32.85767 ], [ -96.753803, 32.859626 ], [ -96.756076, 32.86135 ], [ -96.75676, 32.861877 ], [ -96.760072, 32.864389 ], [ -96.761631, 32.86515 ], [ -96.763851, 32.865519 ], [ -96.767273, 32.865537 ], [ -96.770373, 32.865603 ], [ -96.77035, 32.871851 ], [ -96.770667, 32.871847 ], [ -96.771754, 32.871904 ], [ -96.771907, 32.875777 ], [ -96.772628, 32.876939 ] ] ] ] } },
{ "type": "Feature", "properties": { "GEOID": "75219", "NAME": "ZCTA5 75219", "TotPopE": 23950.0, "TotPopM": 1512.0, "TotPovE": 2203.0, "TotPovM": 487.0, "ChldPopE": 1456.0, "ChldPopM": 370.0, "ChldPovE": 277.0, "ChldPovM": 203.0, "BlkPopE": 2648.0, "BlkPopM": 657.0, "HispPopE": 4243.0, "HispPopM": 774.0, "WhtPopE": 14050.0, "WhtPopM": 1083.0, "AsnPopE": 2158.0, "AsnPopM": 665.0, "GeoCat": "Zip Code" }, "geometry": { "type": "MultiPolygon", "coordinates": [ [ [ [ -96.829905, 32.80615 ], [ -96.828903, 32.805805 ], [ -96.827323, 32.807237 ], [ -96.828664, 32.808524 ], [ -96.829259, 32.80923 ], [ -96.827931, 32.811619 ], [ -96.827438, 32.814959 ], [ -96.826879, 32.81646 ], [ -96.826069, 32.816827 ], [ -96.82659, 32.817416 ], [ -96.825529, 32.817808 ], [ -96.825008, 32.818161 ], [ -96.823525, 32.818378 ], [ -96.823897, 32.819178 ], [ -96.821485, 32.819741 ], [ -96.822382, 32.820679 ], [ -96.821505, 32.822255 ], [ -96.819404, 32.820469 ], [ -96.81799, 32.822453 ], [ -96.816909, 32.821523 ], [ -96.816889, 32.821696 ], [ -96.816876, 32.821788 ], [ -96.816106, 32.826765 ], [ -96.815971, 32.826754 ], [ -96.81635, 32.823673 ], [ -96.812521, 32.822856 ], [ -96.812457, 32.822804 ], [ -96.812034, 32.823195 ], [ -96.80696, 32.823171 ], [ -96.806866, 32.823162 ], [ -96.804513, 32.823175 ], [ -96.80439, 32.823173 ], [ -96.804383, 32.822774 ], [ -96.804393, 32.822688 ], [ -96.802347, 32.822671 ], [ -96.802516, 32.823437 ], [ -96.801012, 32.82321 ], [ -96.800209, 32.819693 ], [ -96.799987, 32.81897 ], [ -96.799965, 32.818816 ], [ -96.798337, 32.81505 ], [ -96.798379, 32.813122 ], [ -96.799585, 32.812023 ], [ -96.799209, 32.811718 ], [ -96.800259, 32.810657 ], [ -96.801418, 32.808472 ], [ -96.802237, 32.806645 ], [ -96.803227, 32.804691 ], [ -96.804296, 32.803027 ], [ -96.805265, 32.802305 ], [ -96.805843, 32.802048 ], [ -96.805514, 32.803424 ], [ -96.809933, 32.801676 ], [ -96.811047, 32.801302 ], [ -96.809692, 32.800018 ], [ -96.812642, 32.798172 ], [ -96.813248, 32.797379 ], [ -96.814858, 32.7984 ], [ -96.815007, 32.797245 ], [ -96.81431, 32.79617 ], [ -96.810505, 32.791833 ], [ -96.810274, 32.791574 ], [ -96.809525, 32.790738 ], [ -96.808562, 32.791438 ], [ -96.807801, 32.789896 ], [ -96.808647, 32.789276 ], [ -96.808719, 32.786442 ], [ -96.80888, 32.785299 ], [ -96.808951, 32.784644 ], [ -96.808966, 32.784391 ], [ -96.810746, 32.784185 ], [ -96.813726, 32.793836 ], [ -96.815467, 32.797412 ], [ -96.815612, 32.798788 ], [ -96.816728, 32.799908 ], [ -96.817233, 32.800528 ], [ -96.817461, 32.80022 ], [ -96.819319, 32.802728 ], [ -96.820264, 32.803537 ], [ -96.822015, 32.804183 ], [ -96.829943, 32.805675 ], [ -96.829905, 32.80615 ] ] ] ] } },
{ "type": "Feature", "properties": { "GEOID": "75226", "NAME": "ZCTA5 75226", "TotPopE": 5093.0, "TotPopM": 686.0, "TotPovE": 1252.0, "TotPovM": 347.0, "ChldPopE": 539.0, "ChldPopM": 216.0, "ChldPovE": 173.0, "ChldPovM": 126.0, "BlkPopE": 899.0, "BlkPopM": 336.0, "HispPopE": 2033.0, "HispPopM": 575.0, "WhtPopE": 2014.0, "WhtPopM": 416.0, "AsnPopE": 77.0, "AsnPopM": 65.0, "GeoCat": "Zip Code" }, "geometry": { "type": "MultiPolygon", "coordinates": [ [ [ [ -96.790999, 32.784067 ], [ -96.789509, 32.784568 ], [ -96.789585, 32.785183 ], [ -96.788822, 32.785781 ], [ -96.788166, 32.785235 ], [ -96.787867, 32.785395 ], [ -96.785781, 32.786904 ], [ -96.784951, 32.787377 ], [ -96.785384, 32.787824 ], [ -96.782507, 32.789892 ], [ -96.782121, 32.789543 ], [ -96.779458, 32.786963 ], [ -96.777627, 32.786855 ], [ -96.775341, 32.78636 ], [ -96.774518, 32.7879 ], [ -96.772199, 32.789868 ], [ -96.77164, 32.789355 ], [ -96.767297, 32.793143 ], [ -96.765731, 32.793512 ], [ -96.764208, 32.795665 ], [ -96.763685, 32.795198 ], [ -96.763601, 32.795108 ], [ -96.761652, 32.793428 ], [ -96.761406, 32.793239 ], [ -96.767239, 32.788479 ], [ -96.768468, 32.786718 ], [ -96.769777, 32.784875 ], [ -96.76873, 32.784604 ], [ -96.765535, 32.783786 ], [ -96.766738, 32.78127 ], [ -96.76847, 32.781713 ], [ -96.769093, 32.779936 ], [ -96.768078, 32.77817 ], [ -96.769665, 32.778318 ], [ -96.769781, 32.778064 ], [ -96.770945, 32.778768 ], [ -96.77526, 32.775035 ], [ -96.776032, 32.776075 ], [ -96.777779, 32.773584 ], [ -96.778391, 32.772906 ], [ -96.778761, 32.772318 ], [ -96.780907, 32.774457 ], [ -96.782469, 32.775078 ], [ -96.784304, 32.776258 ], [ -96.786625, 32.775743 ], [ -96.786422, 32.775836 ], [ -96.787131, 32.77693 ], [ -96.785407, 32.778386 ], [ -96.784847, 32.779469 ], [ -96.785035, 32.77969 ], [ -96.785356, 32.780054 ], [ -96.786205, 32.781001 ], [ -96.786499, 32.781692 ], [ -96.786556, 32.782082 ], [ -96.790604, 32.783825 ], [ -96.790999, 32.784067 ] ] ] ] } },
{ "type": "Feature", "properties": { "GEOID": "75227", "NAME": "ZCTA5 75227", "TotPopE": 57945.0, "TotPopM": 3534.0, "TotPovE": 9432.0, "TotPovM": 1633.0, "ChldPopE": 17704.0, "ChldPopM": 1758.0, "ChldPovE": 3631.0, "ChldPovM": 867.0, "BlkPopE": 16146.0, "BlkPopM": 1879.0, "HispPopE": 36035.0, "HispPopM": 3284.0, "WhtPopE": 5092.0, "WhtPopM": 736.0, "AsnPopE": 418.0, "AsnPopM": 245.0, "GeoCat": "Zip Code" }, "geometry": { "type": "MultiPolygon", "coordinates": [ [ [ [ -96.733157, 32.78362 ], [ -96.729081, 32.783579 ], [ -96.729087, 32.783693 ], [ -96.733135, 32.78373 ], [ -96.731899, 32.791508 ], [ -96.730729, 32.791559 ], [ -96.729189, 32.791893 ], [ -96.729178, 32.792111 ], [ -96.727486, 32.792982 ], [ -96.717857, 32.793565 ], [ -96.717469, 32.793564 ], [ -96.717192, 32.793544 ], [ -96.717156, 32.789598 ], [ -96.716387, 32.789096 ], [ -96.712326, 32.789138 ], [ -96.712332, 32.792803 ], [ -96.702141, 32.791742 ], [ -96.700078, 32.791972 ], [ -96.699909, 32.792009 ], [ -96.699946, 32.789637 ], [ -96.699489, 32.789637 ], [ -96.69941, 32.79056 ], [ -96.698351, 32.790814 ], [ -96.695791, 32.791149 ], [ -96.696067, 32.792459 ], [ -96.694258, 32.792569 ], [ -96.691226, 32.792526 ], [ -96.688328, 32.792491 ], [ -96.685021, 32.792521 ], [ -96.685016, 32.792372 ], [ -96.683532, 32.792355 ], [ -96.680312, 32.792322 ], [ -96.678879, 32.792293 ], [ -96.677149, 32.792271 ], [ -96.677139, 32.791773 ], [ -96.675143, 32.791783 ], [ -96.673371, 32.791728 ], [ -96.673381, 32.787765 ], [ -96.671431, 32.786541 ], [ -96.66898, 32.784024 ], [ -96.667935, 32.783035 ], [ -96.667792, 32.783051 ], [ -96.666197, 32.7815 ], [ -96.665645, 32.7806 ], [ -96.665372, 32.779581 ], [ -96.665339, 32.777999 ], [ -96.665348, 32.777864 ], [ -96.663077, 32.777967 ], [ -96.66145, 32.777918 ], [ -96.659959, 32.776663 ], [ -96.656724, 32.77394 ], [ -96.650101, 32.768282 ], [ -96.647538, 32.766132 ], [ -96.646085, 32.764875 ], [ -96.644163, 32.763089 ], [ -96.644006, 32.762375 ], [ -96.643384, 32.759507 ], [ -96.643072, 32.759014 ], [ -96.640116, 32.756453 ], [ -96.639274, 32.755732 ], [ -96.639273, 32.748752 ], [ -96.639739, 32.74877 ], [ -96.646431, 32.748742 ], [ -96.648399, 32.748842 ], [ -96.649321, 32.74877 ], [ -96.651568, 32.748759 ], [ -96.651563, 32.751353 ], [ -96.654088, 32.752471 ], [ -96.654873, 32.751532 ], [ -96.655049, 32.749362 ], [ -96.655754, 32.749459 ], [ -96.655722, 32.748753 ], [ -96.656908, 32.74876 ], [ -96.656864, 32.751146 ], [ -96.659901, 32.749886 ], [ -96.660345, 32.748774 ], [ -96.661823, 32.748773 ], [ -96.662844, 32.748779 ], [ -96.663019, 32.750396 ], [ -96.663374, 32.750942 ], [ -96.664495, 32.751489 ], [ -96.664809, 32.75152 ], [ -96.664841, 32.751007 ], [ -96.665452, 32.749314 ], [ -96.665455, 32.748754 ], [ -96.665641, 32.748753 ], [ -96.669817, 32.748739 ], [ -96.674134, 32.748789 ], [ -96.674567, 32.748801 ], [ -96.680063, 32.748858 ], [ -96.682793, 32.748887 ], [ -96.682952, 32.748891 ], [ -96.691772, 32.748966 ], [ -96.700284, 32.749007 ], [ -96.700453, 32.749012 ], [ -96.704211, 32.749152 ], [ -96.703846, 32.750621 ], [ -96.703759, 32.755587 ], [ -96.704284, 32.757824 ], [ -96.706165, 32.759552 ], [ -96.715075, 32.764884 ], [ -96.719463, 32.76558 ], [ -96.73096, 32.76601 ], [ -96.730955, 32.766247 ], [ -96.72938, 32.769755 ], [ -96.728917, 32.775548 ], [ -96.728461, 32.777797 ], [ -96.730612, 32.777572 ], [ -96.734201, 32.777715 ], [ -96.733157, 32.78362 ] ] ] ] } },
{ "type": "Feature", "properties": { "GEOID": "75218", "NAME": "ZCTA5 75218", "TotPopE": 21260.0, "TotPopM": 1487.0, "TotPovE": 1442.0, "TotPovM": 566.0, "ChldPopE": 4333.0, "ChldPopM": 627.0, "ChldPovE": 517.0, "ChldPovM": 304.0, "BlkPopE": 1107.0, "BlkPopM": 406.0, "HispPopE": 6385.0, "HispPopM": 1205.0, "WhtPopE": 12772.0, "WhtPopM": 1129.0, "AsnPopE": 81.0, "AsnPopM": 60.0, "GeoCat": "Zip Code" }, "geometry": { "type": "MultiPolygon", "coordinates": [ [ [ [ -96.726356, 32.807384 ], [ -96.72514, 32.810955 ], [ -96.726213, 32.813063 ], [ -96.726271, 32.813189 ], [ -96.723848, 32.814813 ], [ -96.723844, 32.814943 ], [ -96.722177, 32.823827 ], [ -96.719777, 32.834428 ], [ -96.719893, 32.838096 ], [ -96.724336, 32.846916 ], [ -96.724156, 32.85138 ], [ -96.723263, 32.852666 ], [ -96.723206, 32.852755 ], [ -96.721422, 32.8555 ], [ -96.721827, 32.856226 ], [ -96.725103, 32.858517 ], [ -96.718044, 32.861808 ], [ -96.713293, 32.863878 ], [ -96.712563, 32.864069 ], [ -96.710769, 32.864207 ], [ -96.707246, 32.86421 ], [ -96.700566, 32.863477 ], [ -96.701663, 32.861708 ], [ -96.700396, 32.857635 ], [ -96.700916, 32.861776 ], [ -96.699109, 32.864164 ], [ -96.692947, 32.864193 ], [ -96.691909, 32.864189 ], [ -96.68893, 32.86417 ], [ -96.687275, 32.864159 ], [ -96.683219, 32.864142 ], [ -96.683078, 32.864147 ], [ -96.68304, 32.866045 ], [ -96.678874, 32.865744 ], [ -96.678918, 32.864145 ], [ -96.676602, 32.864169 ], [ -96.676599, 32.865781 ], [ -96.674324, 32.865774 ], [ -96.674344, 32.868454 ], [ -96.677644, 32.869619 ], [ -96.677359, 32.870813 ], [ -96.676303, 32.870985 ], [ -96.670085, 32.869337 ], [ -96.668053, 32.868126 ], [ -96.668545, 32.867417 ], [ -96.669187, 32.866544 ], [ -96.670817, 32.864051 ], [ -96.674274, 32.859144 ], [ -96.679986, 32.850693 ], [ -96.684485, 32.844237 ], [ -96.685113, 32.843001 ], [ -96.686703, 32.840163 ], [ -96.690533, 32.833269 ], [ -96.69578, 32.823859 ], [ -96.697027, 32.821483 ], [ -96.698707, 32.81956 ], [ -96.705108, 32.815219 ], [ -96.70942, 32.812266 ], [ -96.718848, 32.80601 ], [ -96.720914, 32.805049 ], [ -96.725816, 32.804378 ], [ -96.726356, 32.807384 ] ] ] ] } },
{ "type": "Feature", "properties": { "GEOID": "75001", "NAME": "ZCTA5 75001", "TotPopE": 16263.0, "TotPopM": 193.0, "TotPovE": 1493.0, "TotPovM": 419.0, "ChldPopE": 2195.0, "ChldPopM": 371.0, "ChldPovE": 399.0, "ChldPovM": 193.0, "BlkPopE": 2762.0, "BlkPopM": 658.0, "HispPopE": 4179.0, "HispPopM": 582.0, "WhtPopE": 6912.0, "WhtPopM": 635.0, "AsnPopE": 1490.0, "AsnPopM": 339.0, "GeoCat": "Zip Code" }, "geometry": { "type": "MultiPolygon", "coordinates": [ [ [ [ -96.85593, 32.935809 ], [ -96.855895, 32.940004 ], [ -96.855876, 32.94129 ], [ -96.855868, 32.943653 ], [ -96.855807, 32.949605 ], [ -96.855801, 32.953083 ], [ -96.855673, 32.954707 ], [ -96.855493, 32.95516 ], [ -96.853984, 32.957532 ], [ -96.849877, 32.95677 ], [ -96.848086, 32.956645 ], [ -96.846835, 32.956634 ], [ -96.846653, 32.958337 ], [ -96.845964, 32.959034 ], [ -96.845313, 32.959077 ], [ -96.840005, 32.959018 ], [ -96.838869, 32.958928 ], [ -96.838793, 32.959593 ], [ -96.838623, 32.95959 ], [ -96.838601, 32.964292 ], [ -96.841936, 32.968902 ], [ -96.841811, 32.968963 ], [ -96.842933, 32.971061 ], [ -96.842883, 32.980854 ], [ -96.842763, 32.980903 ], [ -96.841597, 32.981099 ], [ -96.838867, 32.981198 ], [ -96.838869, 32.982008 ], [ -96.838871, 32.983353 ], [ -96.838916, 32.987209 ], [ -96.838955, 32.98737 ], [ -96.830012, 32.987255 ], [ -96.830014, 32.98724 ], [ -96.830244, 32.983303 ], [ -96.828927, 32.983303 ], [ -96.828949, 32.980643 ], [ -96.828143, 32.978895 ], [ -96.823536, 32.975195 ], [ -96.823425, 32.975298 ], [ -96.822785, 32.974787 ], [ -96.821884, 32.973625 ], [ -96.821703, 32.973104 ], [ -96.821583, 32.968594 ], [ -96.821621, 32.96709 ], [ -96.821728, 32.964173 ], [ -96.821687, 32.962497 ], [ -96.821458, 32.961409 ], [ -96.821159, 32.960222 ], [ -96.82115, 32.959482 ], [ -96.822096, 32.95402 ], [ -96.822287, 32.954022 ], [ -96.829907, 32.954014 ], [ -96.830164, 32.95274 ], [ -96.828147, 32.946859 ], [ -96.831324, 32.94684 ], [ -96.831309, 32.951177 ], [ -96.8388, 32.951238 ], [ -96.838875, 32.943461 ], [ -96.839031, 32.943474 ], [ -96.839023, 32.939859 ], [ -96.846934, 32.939873 ], [ -96.84697, 32.939883 ], [ -96.847518, 32.939885 ], [ -96.847543, 32.936191 ], [ -96.847569, 32.933377 ], [ -96.855762, 32.933532 ], [ -96.855929, 32.933543 ], [ -96.855937, 32.933678 ], [ -96.85593, 32.935809 ] ] ] ] } },
{ "type": "Feature", "properties": { "GEOID": "75249", "NAME": "ZCTA5 75249", "TotPopE": 17629.0, "TotPopM": 2891.0, "TotPovE": 980.0, "TotPovM": 710.0, "ChldPopE": 5149.0, "ChldPopM": 2081.0, "ChldPovE": 334.0, "ChldPovM": 301.0, "BlkPopE": 8412.0, "BlkPopM": 2296.0, "HispPopE": 6776.0, "HispPopM": 1404.0, "WhtPopE": 1431.0, "WhtPopM": 470.0, "AsnPopE": 1038.0, "AsnPopM": 659.0, "GeoCat": "Zip Code" }, "geometry": { "type": "MultiPolygon", "coordinates": [ [ [ [ -96.99824, 32.64586 ], [ -96.990249, 32.64988 ], [ -96.990249, 32.651815 ], [ -96.990375, 32.651976 ], [ -96.99025, 32.652012 ], [ -96.990085, 32.652057 ], [ -96.986287, 32.653156 ], [ -96.979868, 32.656216 ], [ -96.972741, 32.659596 ], [ -96.97253, 32.659692 ], [ -96.968725, 32.661532 ], [ -96.964362, 32.662129 ], [ -96.958278, 32.665613 ], [ -96.957379, 32.665577 ], [ -96.957379, 32.66509 ], [ -96.958738, 32.663829 ], [ -96.958343, 32.66294 ], [ -96.956147, 32.662699 ], [ -96.953378, 32.661397 ], [ -96.952709, 32.661606 ], [ -96.951658, 32.662928 ], [ -96.951695, 32.665349 ], [ -96.952169, 32.666134 ], [ -96.950024, 32.665127 ], [ -96.947292, 32.664462 ], [ -96.947982, 32.663453 ], [ -96.947904, 32.662911 ], [ -96.948534, 32.662504 ], [ -96.948156, 32.661855 ], [ -96.948882, 32.661275 ], [ -96.948863, 32.660858 ], [ -96.947179, 32.660617 ], [ -96.945187, 32.663328 ], [ -96.943226, 32.662227 ], [ -96.943237, 32.659233 ], [ -96.942971, 32.647244 ], [ -96.942935, 32.642122 ], [ -96.942871, 32.634272 ], [ -96.943196, 32.632736 ], [ -96.943314, 32.631886 ], [ -96.943223, 32.629648 ], [ -96.94324, 32.626674 ], [ -96.943239, 32.626115 ], [ -96.942808, 32.624634 ], [ -96.944574, 32.622196 ], [ -96.946755, 32.620995 ], [ -96.949238, 32.620814 ], [ -96.953256, 32.626668 ], [ -96.953256, 32.627414 ], [ -96.953251, 32.632634 ], [ -96.953742, 32.63263 ], [ -96.953738, 32.632685 ], [ -96.957627, 32.632675 ], [ -96.956839, 32.631498 ], [ -96.958999, 32.630414 ], [ -96.971624, 32.624323 ], [ -96.97584, 32.622069 ], [ -96.975642, 32.624741 ], [ -96.974735, 32.628864 ], [ -96.972022, 32.637165 ], [ -96.972546, 32.637378 ], [ -96.976548, 32.639317 ], [ -96.97687, 32.639645 ], [ -96.979495, 32.641343 ], [ -96.980005, 32.641622 ], [ -96.984827, 32.642449 ], [ -96.99001, 32.6433 ], [ -96.98975, 32.643832 ], [ -96.995011, 32.644652 ], [ -96.99854, 32.644626 ], [ -96.99824, 32.64586 ] ] ] ] } },
{ "type": "Feature", "properties": { "GEOID": "75201", "NAME": "ZCTA5 75201", "TotPopE": 17442.0, "TotPopM": 1210.0, "TotPovE": 2767.0, "TotPovM": 733.0, "ChldPopE": 793.0, "ChldPopM": 235.0, "ChldPovE": 285.0, "ChldPovM": 183.0, "BlkPopE": 2344.0, "BlkPopM": 467.0, "HispPopE": 2606.0, "HispPopM": 598.0, "WhtPopE": 10630.0, "WhtPopM": 948.0, "AsnPopE": 1190.0, "AsnPopM": 364.0, "GeoCat": "Zip Code" }, "geometry": { "type": "MultiPolygon", "coordinates": [ [ [ [ -96.814858, 32.7984 ], [ -96.813248, 32.797379 ], [ -96.812642, 32.798172 ], [ -96.809692, 32.800018 ], [ -96.811047, 32.801302 ], [ -96.809933, 32.801676 ], [ -96.805514, 32.803424 ], [ -96.805843, 32.802048 ], [ -96.805265, 32.802305 ], [ -96.804421, 32.801518 ], [ -96.804824, 32.801191 ], [ -96.803837, 32.800382 ], [ -96.80532, 32.799419 ], [ -96.80492, 32.799118 ], [ -96.803488, 32.798194 ], [ -96.802147, 32.797826 ], [ -96.801741, 32.796329 ], [ -96.799624, 32.794494 ], [ -96.797794, 32.793055 ], [ -96.794598, 32.795219 ], [ -96.793494, 32.797277 ], [ -96.793408, 32.797697 ], [ -96.793466, 32.799136 ], [ -96.793174, 32.798872 ], [ -96.793098, 32.795493 ], [ -96.792756, 32.79238 ], [ -96.792356, 32.788131 ], [ -96.792169, 32.785699 ], [ -96.790999, 32.784067 ], [ -96.790604, 32.783825 ], [ -96.786556, 32.782082 ], [ -96.786499, 32.781692 ], [ -96.786205, 32.781001 ], [ -96.785356, 32.780054 ], [ -96.785035, 32.77969 ], [ -96.784847, 32.779469 ], [ -96.785407, 32.778386 ], [ -96.787131, 32.77693 ], [ -96.786422, 32.775836 ], [ -96.786625, 32.775743 ], [ -96.788141, 32.775216 ], [ -96.795785, 32.77351 ], [ -96.795307, 32.774499 ], [ -96.796239, 32.777972 ], [ -96.798567, 32.779992 ], [ -96.799316, 32.779832 ], [ -96.799924, 32.782063 ], [ -96.801635, 32.782264 ], [ -96.802567, 32.784143 ], [ -96.801515, 32.785023 ], [ -96.803008, 32.786313 ], [ -96.803275, 32.787886 ], [ -96.803639, 32.788201 ], [ -96.804601, 32.787415 ], [ -96.80421, 32.788701 ], [ -96.805012, 32.789357 ], [ -96.806317, 32.788328 ], [ -96.805313, 32.786817 ], [ -96.807829, 32.784396 ], [ -96.80888, 32.785299 ], [ -96.808719, 32.786442 ], [ -96.808647, 32.789276 ], [ -96.807801, 32.789896 ], [ -96.808562, 32.791438 ], [ -96.809525, 32.790738 ], [ -96.810274, 32.791574 ], [ -96.810505, 32.791833 ], [ -96.81431, 32.79617 ], [ -96.815007, 32.797245 ], [ -96.814858, 32.7984 ] ] ] ] } },
{ "type": "Feature", "properties": { "GEOID": "75248", "NAME": "ZCTA5 75248", "TotPopE": 36207.0, "TotPopM": 1983.0, "TotPovE": 1391.0, "TotPovM": 338.0, "ChldPopE": 6837.0, "ChldPopM": 672.0, "ChldPovE": 97.0, "ChldPovM": 87.0, "BlkPopE": 4181.0, "BlkPopM": 999.0, "HispPopE": 5735.0, "HispPopM": 1088.0, "WhtPopE": 22852.0, "WhtPopM": 1515.0, "AsnPopE": 1819.0, "AsnPopM": 420.0, "GeoCat": "Zip Code" }, "geometry": { "type": "MultiPolygon", "coordinates": [ [ [ [ -96.830014, 32.98724 ], [ -96.830012, 32.987255 ], [ -96.828519, 32.987236 ], [ -96.822603, 32.98716 ], [ -96.813355, 32.987041 ], [ -96.813641, 32.984477 ], [ -96.809264, 32.977595 ], [ -96.808444, 32.980116 ], [ -96.808891, 32.981951 ], [ -96.80613, 32.984017 ], [ -96.805658, 32.98372 ], [ -96.805655, 32.98411 ], [ -96.805471, 32.98504 ], [ -96.805206, 32.986937 ], [ -96.80343, 32.986914 ], [ -96.803245, 32.986912 ], [ -96.80133, 32.985197 ], [ -96.794615, 32.985233 ], [ -96.793774, 32.985432 ], [ -96.793793, 32.985545 ], [ -96.792367, 32.986771 ], [ -96.792213, 32.986769 ], [ -96.791881, 32.987215 ], [ -96.790677, 32.987882 ], [ -96.790219, 32.987502 ], [ -96.786998, 32.987535 ], [ -96.786964, 32.987932 ], [ -96.785841, 32.987903 ], [ -96.785628, 32.98668 ], [ -96.784005, 32.986659 ], [ -96.783841, 32.986657 ], [ -96.781781, 32.987937 ], [ -96.778675, 32.987938 ], [ -96.778675, 32.986588 ], [ -96.778223, 32.986304 ], [ -96.768252, 32.986164 ], [ -96.768216, 32.982891 ], [ -96.768214, 32.978351 ], [ -96.768867, 32.974815 ], [ -96.76892, 32.970694 ], [ -96.768926, 32.968004 ], [ -96.768942, 32.962237 ], [ -96.768983, 32.950985 ], [ -96.768988, 32.950845 ], [ -96.770728, 32.950629 ], [ -96.776596, 32.95065 ], [ -96.778614, 32.95035 ], [ -96.778695, 32.950332 ], [ -96.780568, 32.949986 ], [ -96.784739, 32.949933 ], [ -96.788754, 32.949986 ], [ -96.791906, 32.950004 ], [ -96.792458, 32.949989 ], [ -96.795605, 32.949775 ], [ -96.797725, 32.949942 ], [ -96.799017, 32.950372 ], [ -96.799287, 32.952505 ], [ -96.797494, 32.954183 ], [ -96.797221, 32.956588 ], [ -96.797696, 32.956487 ], [ -96.798251, 32.954493 ], [ -96.800993, 32.952468 ], [ -96.802738, 32.953831 ], [ -96.804204, 32.954084 ], [ -96.804162, 32.953889 ], [ -96.807074, 32.95393 ], [ -96.807076, 32.954485 ], [ -96.808501, 32.956077 ], [ -96.808945, 32.95648 ], [ -96.810124, 32.95852 ], [ -96.810124, 32.959305 ], [ -96.808968, 32.960417 ], [ -96.810201, 32.960369 ], [ -96.811681, 32.958571 ], [ -96.811942, 32.956777 ], [ -96.811492, 32.955979 ], [ -96.808141, 32.954099 ], [ -96.813837, 32.95411 ], [ -96.813839, 32.955471 ], [ -96.8154, 32.954106 ], [ -96.820861, 32.953999 ], [ -96.822096, 32.95402 ], [ -96.82115, 32.959482 ], [ -96.821159, 32.960222 ], [ -96.821458, 32.961409 ], [ -96.821687, 32.962497 ], [ -96.821728, 32.964173 ], [ -96.821621, 32.96709 ], [ -96.821583, 32.968594 ], [ -96.821703, 32.973104 ], [ -96.821884, 32.973625 ], [ -96.822785, 32.974787 ], [ -96.823425, 32.975298 ], [ -96.823536, 32.975195 ], [ -96.828143, 32.978895 ], [ -96.828949, 32.980643 ], [ -96.828927, 32.983303 ], [ -96.830244, 32.983303 ], [ -96.830014, 32.98724 ] ] ] ] } },
{ "type": "Feature", "properties": { "GEOID": "75287", "NAME": "ZCTA5 75287", "TotPopE": 51817.0, "TotPopM": 1046.0, "TotPovE": 5923.0, "TotPovM": 1253.0, "ChldPopE": 9417.0, "ChldPopM": 758.0, "ChldPovE": 1709.0, "ChldPovM": 716.0, "BlkPopE": 14210.0, "BlkPopM": 1353.0, "HispPopE": 12604.0, "HispPopM": 1628.0, "WhtPopE": 19440.0, "WhtPopM": 1337.0, "AsnPopE": 3514.0, "AsnPopM": 723.0, "GeoCat": "Zip Code" }, "geometry": { "type": "MultiPolygon", "coordinates": [ [ [ [ -96.873821, 32.993166 ], [ -96.872806, 32.996986 ], [ -96.87278, 32.997108 ], [ -96.871754, 33.000615 ], [ -96.871407, 33.000906 ], [ -96.86742, 33.001443 ], [ -96.866367, 33.001486 ], [ -96.866182, 33.002302 ], [ -96.865956, 33.002485 ], [ -96.865954, 33.005402 ], [ -96.864836, 33.006432 ], [ -96.860639, 33.007935 ], [ -96.858167, 33.006285 ], [ -96.857341, 33.0061 ], [ -96.85852, 33.008639 ], [ -96.857287, 33.009057 ], [ -96.857321, 33.011687 ], [ -96.860679, 33.011633 ], [ -96.86157, 33.01164 ], [ -96.861998, 33.00858 ], [ -96.865959, 33.007703 ], [ -96.865954, 33.011763 ], [ -96.86069, 33.0118 ], [ -96.858911, 33.011784 ], [ -96.857367, 33.011819 ], [ -96.857192, 33.011823 ], [ -96.854594, 33.011766 ], [ -96.849321, 33.011767 ], [ -96.848629, 33.011488 ], [ -96.848136, 33.011755 ], [ -96.845218, 33.012721 ], [ -96.843703, 33.012878 ], [ -96.843648, 33.015019 ], [ -96.84358, 33.016499 ], [ -96.832215, 33.015571 ], [ -96.829673, 33.015144 ], [ -96.829223, 33.015062 ], [ -96.824763, 33.014222 ], [ -96.824456, 33.014163 ], [ -96.819769, 33.013458 ], [ -96.815144, 33.013329 ], [ -96.815766, 33.012804 ], [ -96.816247, 33.01243 ], [ -96.817194, 33.009403 ], [ -96.814354, 33.006858 ], [ -96.813828, 33.00302 ], [ -96.814916, 33.000915 ], [ -96.813655, 32.998286 ], [ -96.81362, 32.998151 ], [ -96.812547, 32.992781 ], [ -96.814918, 32.992359 ], [ -96.816002, 32.991221 ], [ -96.815642, 32.989137 ], [ -96.813355, 32.987041 ], [ -96.822603, 32.98716 ], [ -96.828519, 32.987236 ], [ -96.830012, 32.987255 ], [ -96.838955, 32.98737 ], [ -96.840831, 32.987394 ], [ -96.84219, 32.987202 ], [ -96.84638, 32.987206 ], [ -96.84715, 32.987276 ], [ -96.849049, 32.987148 ], [ -96.854882, 32.987209 ], [ -96.854871, 32.987573 ], [ -96.854797, 32.989691 ], [ -96.864084, 32.989735 ], [ -96.86728, 32.98975 ], [ -96.87478, 32.989781 ], [ -96.873821, 32.993166 ] ] ] ] } },
{ "type": "Feature", "properties": { "GEOID": "75208", "NAME": "ZCTA5 75208", "TotPopE": 29802.0, "TotPopM": 1701.0, "TotPovE": 3579.0, "TotPovM": 726.0, "ChldPopE": 6480.0, "ChldPopM": 954.0, "ChldPovE": 1059.0, "ChldPovM": 390.0, "BlkPopE": 1912.0, "BlkPopM": 448.0, "HispPopE": 17751.0, "HispPopM": 1349.0, "WhtPopE": 9238.0, "WhtPopM": 1113.0, "AsnPopE": 236.0, "AsnPopM": 95.0, "GeoCat": "Zip Code" }, "geometry": { "type": "MultiPolygon", "coordinates": [ [ [ [ -96.857596, 32.754215 ], [ -96.856812, 32.75536 ], [ -96.856807, 32.755685 ], [ -96.856737, 32.762183 ], [ -96.856706, 32.764077 ], [ -96.856677, 32.766442 ], [ -96.856567, 32.775081 ], [ -96.847934, 32.773878 ], [ -96.841139, 32.773591 ], [ -96.835701, 32.774609 ], [ -96.824395, 32.776998 ], [ -96.825742, 32.778821 ], [ -96.822425, 32.779989 ], [ -96.817685, 32.770207 ], [ -96.81546, 32.766939 ], [ -96.81252, 32.765287 ], [ -96.81465, 32.762656 ], [ -96.815335, 32.762271 ], [ -96.815345, 32.762724 ], [ -96.817493, 32.76278 ], [ -96.819817, 32.764142 ], [ -96.819822, 32.766039 ], [ -96.822843, 32.766985 ], [ -96.822888, 32.764021 ], [ -96.822924, 32.758893 ], [ -96.825309, 32.759189 ], [ -96.824564, 32.758014 ], [ -96.822911, 32.757793 ], [ -96.822934, 32.756332 ], [ -96.82289, 32.754633 ], [ -96.823995, 32.754478 ], [ -96.824006, 32.752239 ], [ -96.82288, 32.750684 ], [ -96.822882, 32.749415 ], [ -96.822817, 32.746319 ], [ -96.824502, 32.746359 ], [ -96.824501, 32.743128 ], [ -96.824469, 32.734456 ], [ -96.824141, 32.734453 ], [ -96.823862, 32.734453 ], [ -96.824337, 32.732815 ], [ -96.824611, 32.732846 ], [ -96.828734, 32.733168 ], [ -96.832162, 32.734313 ], [ -96.834304, 32.734009 ], [ -96.837628, 32.73328 ], [ -96.840043, 32.73278 ], [ -96.843174, 32.732121 ], [ -96.844256, 32.731712 ], [ -96.849297, 32.729266 ], [ -96.852547, 32.727998 ], [ -96.857079, 32.72533 ], [ -96.857069, 32.729215 ], [ -96.857037, 32.732053 ], [ -96.856876, 32.734833 ], [ -96.857454, 32.73493 ], [ -96.857433, 32.73715 ], [ -96.856825, 32.737136 ], [ -96.856793, 32.740237 ], [ -96.856879, 32.741259 ], [ -96.856889, 32.743124 ], [ -96.857378, 32.74312 ], [ -96.857371, 32.744069 ], [ -96.856897, 32.744434 ], [ -96.856917, 32.747802 ], [ -96.856858, 32.749613 ], [ -96.857485, 32.749968 ], [ -96.857596, 32.754215 ] ] ] ] } }
]
}
